System_time,game_time,current_score,mean_hr,current_hr,mean_scl,mean_scr,is_stressed,Event_type
15:15:27.129,N/A,N/A,N/A,70.74284642086499,1.5655791892237307,0.004911594776514128,N/A,BASELINE_DATA
15:15:28.207,N/A,N/A,N/A,66.79750223015164,1.5638414818427162,-0.0005134982662028236,N/A,BASELINE_DATA
15:15:29.316,N/A,N/A,N/A,66.31961259079903,1.5619807822029774,-0.0042495053928701685,N/A,BASELINE_DATA
15:15:30.316,N/A,N/A,N/A,62.077922077922075,1.5600783254914947,-0.005688561155971855,N/A,BASELINE_DATA
15:15:31.269,N/A,N/A,N/A,75.10695187165776,1.5581777017880676,-0.005048739681569939,N/A,BASELINE_DATA
15:15:32.269,N/A,N/A,N/A,80.0,1.5562708572785615,-0.003769506527722477,N/A,BASELINE_DATA
15:15:33.269,N/A,N/A,N/A,80.0,1.5543010332370926,0.0014142651387999865,N/A,BASELINE_DATA
15:15:34.285,N/A,N/A,N/A,74.1823899371069,1.5521812669579054,0.0062952110635844894,N/A,BASELINE_DATA
15:15:35.316,N/A,N/A,N/A,78.12090874085484,1.5498381449372705,0.006183268716588027,N/A,BASELINE_DATA
15:15:36.285,N/A,N/A,N/A,68.95622895622895,1.5472513383085005,0.0034067618135007367,N/A,BASELINE_DATA
15:15:37.207,N/A,N/A,N/A,60.606060606060595,1.5444562791686847,9.416835424643035e-05,N/A,BASELINE_DATA
15:15:38.097,N/A,N/A,N/A,69.70760233918128,1.5415205072154112,-0.0019707202228126963,N/A,BASELINE_DATA
15:15:38.972,N/A,N/A,N/A,73.34079880552444,1.5385148680682648,-0.0025448392289580163,N/A,BASELINE_DATA
15:15:39.816,N/A,N/A,N/A,74.83389324374767,1.535493404549069,-0.0019096603546609411,N/A,BASELINE_DATA
15:15:40.691,N/A,N/A,N/A,70.54617676266137,1.5324872559024183,-0.0017171103687990779,N/A,BASELINE_DATA
15:15:41.613,N/A,N/A,N/A,78.65463494667762,1.5295082212230595,-0.0013928632537175672,N/A,BASELINE_DATA
15:15:42.613,N/A,N/A,N/A,68.53352984524686,1.5265518479548765,-0.0012936116184154084,N/A,BASELINE_DATA
15:15:43.613,N/A,N/A,N/A,86.48413733159497,1.5235997610391232,-0.0010048356379136012,N/A,BASELINE_DATA
15:15:44.660,N/A,N/A,N/A,80.55944055944055,1.520621255033017,-0.000843393705631966,N/A,BASELINE_DATA
15:15:45.722,N/A,N/A,N/A,81.81818181818181,1.517575047010391,0.0015568959264930932,N/A,BASELINE_DATA
15:15:46.816,N/A,N/A,N/A,75.54901960784315,1.514415792502214,0.0026134261274320543,N/A,BASELINE_DATA
15:15:47.910,N/A,N/A,N/A,73.65614035087718,1.511110711765287,0.0027593988523493813,N/A,BASELINE_DATA
15:15:48.941,N/A,N/A,N/A,68.04511278195487,1.5076511783374862,0.002561498964810208,N/A,BASELINE_DATA
15:15:49.910,N/A,N/A,N/A,71.72506738544473,1.5040552185162683,0.001392079096373399,N/A,BASELINE_DATA
15:15:50.863,N/A,N/A,N/A,74.69654528478058,1.5003641282879678,-0.00010959938411025674,N/A,BASELINE_DATA
15:15:51.863,N/A,N/A,N/A,64.83660130718954,1.496632426145819,-0.001585101673965704,N/A,BASELINE_DATA
15:15:52.816,N/A,N/A,N/A,77.6470588235294,1.4929134753429867,-0.0021132271974095744,N/A,BASELINE_DATA
15:15:53.816,N/A,N/A,N/A,80.0,1.4892467027045357,-0.0020023152129396743,N/A,BASELINE_DATA
15:15:54.894,N/A,N/A,N/A,83.14523589269196,1.485652094512109,-0.002417895463582286,N/A,BASELINE_DATA
15:15:55.863,N/A,N/A,N/A,78.09762202753443,1.4821290419401534,-0.002247909340543994,N/A,BASELINE_DATA
15:15:56.863,N/A,N/A,N/A,84.51871657754009,1.4786542981575508,-0.0006027552761666737,N/A,BASELINE_DATA
15:15:57.769,N/A,N/A,N/A,81.23188405797102,1.4751852777414645,0.0016714815407338445,N/A,BASELINE_DATA
15:15:58.660,N/A,N/A,N/A,81.95652173913044,1.4716745615452702,0.001653452186101463,N/A,BASELINE_DATA
15:15:59.535,N/A,N/A,N/A,74.52380952380952,1.4680867536730806,0.0013529511706769596,N/A,BASELINE_DATA
15:16:00.472,N/A,N/A,N/A,69.68253968253968,1.4644025920490706,0.0013008049169849674,N/A,BASELINE_DATA
15:16:01.472,N/A,N/A,N/A,68.72567482736974,1.4606163718585001,0.0012724520079045339,N/A,BASELINE_DATA
15:16:02.519,N/A,N/A,N/A,64.01778271742151,1.4567350712541245,0.0012748464783451817,N/A,BASELINE_DATA
15:16:03.644,N/A,N/A,N/A,67.24292101341281,1.452778253523231,0.0008346812322526124,N/A,BASELINE_DATA
15:16:04.879,N/A,N/A,N/A,68.00410116199589,1.448776969878578,0.00023447883095876717,N/A,BASELINE_DATA
15:16:06.035,N/A,N/A,N/A,72.17142857142858,1.4447703595901142,-0.00028376655408373155,N/A,BASELINE_DATA
15:16:07.129,N/A,N/A,N/A,72.83501683501682,1.4408000099912026,-0.0005841908736460214,N/A,BASELINE_DATA
15:16:08.207,N/A,N/A,N/A,72.31168831168831,1.4369048198066465,-0.0011544947863327889,N/A,BASELINE_DATA
15:16:09.160,N/A,N/A,N/A,73.87755102040815,1.4331175042447775,-0.0013636853951851328,N/A,BASELINE_DATA
15:16:10.097,N/A,N/A,N/A,68.57142857142857,1.4294604763505643,-0.0016492364482139869,N/A,BASELINE_DATA
15:16:11.113,N/A,N/A,N/A,66.10169491525423,1.4259426256837093,-0.0012274889185000743,N/A,BASELINE_DATA
15:16:12.207,N/A,N/A,N/A,65.92635885447106,1.4225578644213595,-0.0007484563951993174,N/A,BASELINE_DATA
15:16:13.222,N/A,N/A,N/A,74.30622656586145,1.4192882179470965,-0.0009286654583948844,N/A,BASELINE_DATA
15:16:14.238,N/A,N/A,N/A,72.32798573975045,1.4161073970710962,-0.0013885422966504815,N/A,BASELINE_DATA
15:16:15.238,N/A,N/A,N/A,79.56612432206924,1.4129794560360571,-0.0006363802428685966,N/A,BASELINE_DATA
15:16:16.160,N/A,N/A,N/A,77.53758865248227,1.4098572620727456,0.00033869367824024597,N/A,BASELINE_DATA
15:16:17.113,N/A,N/A,N/A,78.33333333333333,1.4066879394238014,0.0011088859310422006,N/A,BASELINE_DATA
15:16:18.004,N/A,N/A,N/A,72.76353276353275,1.4034211019461613,0.003007726227681199,N/A,BASELINE_DATA
15:16:18.863,N/A,N/A,N/A,71.6701607267645,1.4000191269690223,0.004276148951914295,N/A,BASELINE_DATA
15:16:19.738,N/A,N/A,N/A,70.44025157232704,1.3964726681123185,0.0045596884869657265,N/A,BASELINE_DATA
15:16:20.722,N/A,N/A,N/A,68.38915470494418,1.392812155889824,0.004147476165327355,N/A,BASELINE_DATA
15:16:21.738,N/A,N/A,N/A,70.51851851851852,1.3891113749586619,0.0032114901018954274,N/A,BASELINE_DATA
15:16:22.832,N/A,N/A,N/A,70.24915824915824,1.385484105818862,0.005552575912333188,N/A,BASELINE_DATA
15:16:23.926,N/A,N/A,N/A,69.76623376623375,1.3820816197800105,0.004823878438445166,N/A,BASELINE_DATA
15:16:25.066,N/A,N/A,N/A,70.43956043956044,1.3791028118032012,0.003174956664063172,N/A,BASELINE_DATA
15:16:26.316,N/A,N/A,N/A,78.07692307692308,1.37679237303263,0.00031360408470051867,N/A,BASELINE_DATA
15:16:27.394,N/A,N/A,N/A,75.3921568627451,1.375423925265821,-0.003456802358883087,N/A,BASELINE_DATA
15:16:28.410,N/A,N/A,N/A,72.2139037433155,1.3752728136446681,-0.008007824652868418,N/A,BASELINE_DATA
15:16:29.426,N/A,N/A,N/A,74.90374331550804,1.3765792521567632,-0.012961122286750384,N/A,BASELINE_DATA
15:16:30.394,N/A,N/A,N/A,76.85185185185185,1.3795049936722663,-0.01964178009993933,N/A,BASELINE_DATA
15:16:31.426,N/A,N/A,N/A,73.60000000000001,1.3840826148104128,-0.02770868369300049,N/A,BASELINE_DATA
15:16:32.457,N/A,N/A,N/A,72.17142857142856,1.3901513051525223,-0.029927225110317934,N/A,BASELINE_DATA
15:16:33.441,N/A,N/A,N/A,65.05854800936768,1.397288698415636,-0.007873715713884405,N/A,BASELINE_DATA
15:16:34.363,N/A,N/A,N/A,69.41105039465695,1.4048223089624108,0.016121120810129803,N/A,BASELINE_DATA
15:16:35.269,N/A,N/A,N/A,68.83597883597884,1.41200610671363,0.024174029107451315,N/A,BASELINE_DATA
15:16:36.129,N/A,N/A,N/A,68.78306878306877,1.4182234453213909,0.02154820879119876,N/A,BASELINE_DATA
15:16:36.957,N/A,N/A,N/A,72.05925925925926,1.4230752811639178,0.016509419001244793,N/A,BASELINE_DATA
15:16:37.832,N/A,N/A,N/A,76.8,1.4263704082581672,0.01065113056771233,N/A,BASELINE_DATA
15:16:38.676,N/A,N/A,N/A,79.04680851063829,1.428076346291169,0.007868478581477168,N/A,BASELINE_DATA
15:16:39.551,N/A,N/A,N/A,77.11947626841243,1.4282697091894232,0.004488275012113116,N/A,BASELINE_DATA
15:16:40.426,N/A,N/A,N/A,80.06688963210702,1.4271024287263192,0.0027238795097612716,N/A,BASELINE_DATA
15:16:41.410,N/A,N/A,N/A,81.23188405797102,1.424773496733911,0.0016667142894950231,N/A,BASELINE_DATA
15:16:42.410,N/A,N/A,N/A,71.57894736842104,1.4215093209890164,-0.00038439897930373526,N/A,BASELINE_DATA
15:16:43.426,N/A,N/A,N/A,69.40988835725678,1.4175503108205627,-0.0023595701417519752,N/A,BASELINE_DATA
15:16:44.426,N/A,N/A,N/A,65.63270052620868,1.4131337155200967,-0.004126554144610648,N/A,BASELINE_DATA
15:16:45.441,N/A,N/A,N/A,70.9190505173463,1.4084739881124377,-0.005054133701806484,N/A,BASELINE_DATA
15:16:46.472,N/A,N/A,N/A,66.89826302729527,1.4037468872840908,-0.005593585396290879,N/A,BASELINE_DATA
15:16:47.379,N/A,N/A,N/A,76.38932496075354,1.3990794046330102,-0.005241165589622757,N/A,BASELINE_DATA
15:16:48.332,N/A,N/A,N/A,70.20408163265306,1.394545613403741,-0.003324236817498275,N/A,BASELINE_DATA
15:16:49.316,N/A,N/A,N/A,72.12938005390835,1.3901701563614395,0.0002961113346870813,N/A,BASELINE_DATA
15:16:50.316,N/A,N/A,N/A,73.19214478244128,1.3859489645221241,0.001241738341111535,N/A,BASELINE_DATA
15:16:51.285,N/A,N/A,N/A,76.73469387755102,1.3818770429674545,0.0005731461761525692,N/A,BASELINE_DATA
15:16:52.316,N/A,N/A,N/A,67.91767554479418,1.37795832312396,-3.547745455862202e-05,N/A,BASELINE_DATA
15:16:53.347,N/A,N/A,N/A,63.44901802528921,1.3742024032827853,-0.0001838551590100845,N/A,BASELINE_DATA
15:16:54.379,N/A,N/A,N/A,64.46176046176045,1.3706193632057573,-0.0007062565046340349,N/A,BASELINE_DATA
15:16:55.363,N/A,N/A,N/A,63.27272727272727,1.3672168220350294,-0.0016674483402104,N/A,BASELINE_DATA
15:16:56.222,N/A,N/A,N/A,76.07142857142857,1.363994587148497,-0.0018093577974357866,N/A,BASELINE_DATA
15:16:57.097,N/A,N/A,N/A,74.6578631452581,1.3609377003496215,-0.0014473877487592938,N/A,BASELINE_DATA
15:16:57.988,N/A,N/A,N/A,70.75987841945289,1.3580142958733654,-0.00045312376901506554,N/A,BASELINE_DATA
15:16:58.988,N/A,N/A,N/A,79.90180032733224,1.355179184660152,0.0003767028005513369,N/A,BASELINE_DATA
15:17:00.097,N/A,N/A,N/A,73.29462989840347,1.35238229698931,0.0013000048330320138,N/A,BASELINE_DATA
15:17:01.113,N/A,N/A,N/A,69.06961613532856,1.3495772024026411,0.0020847260504749214,N/A,BASELINE_DATA
15:17:02.129,N/A,N/A,N/A,71.02147039687702,1.346729691014822,0.0019787222006957335,N/A,BASELINE_DATA
15:17:03.238,N/A,N/A,N/A,70.74579759862779,1.3438240821064167,0.0018944808223803399,N/A,BASELINE_DATA
15:17:04.363,N/A,N/A,N/A,75.26037735849056,1.3408638920798237,0.0016816059108262186,N/A,BASELINE_DATA
15:17:05.472,N/A,N/A,N/A,69.86522911051212,1.3378708520415616,0.0012788072303293032,N/A,BASELINE_DATA
15:17:06.566,N/A,N/A,N/A,75.33333333333333,1.3348826449174347,0.0011147664722417011,N/A,BASELINE_DATA
15:17:07.566,N/A,N/A,N/A,64.59770114942528,1.3319499811930744,0.0008529670097863999,N/A,BASELINE_DATA
15:17:08.613,N/A,N/A,N/A,66.73926194797338,1.3291350108473432,-0.0003455329789379035,N/A,BASELINE_DATA
15:17:09.676,N/A,N/A,N/A,76.57894736842105,1.3265073880514264,-0.0013314618582988965,N/A,BASELINE_DATA
15:17:10.691,N/A,N/A,N/A,73.697856501091,1.3241351351969757,-0.0022069415689940663,N/A,BASELINE_DATA
15:17:11.722,N/A,N/A,N/A,76.2509448223734,1.322075592254971,-0.003580632195545499,N/A,BASELINE_DATA
15:17:12.707,N/A,N/A,N/A,69.89417989417989,1.3203663738947304,-0.005447730867979286,N/A,BASELINE_DATA
15:17:13.629,N/A,N/A,N/A,72.52747252747251,1.3190128247658148,-0.007898992437550406,N/A,BASELINE_DATA
15:17:14.519,N/A,N/A,N/A,78.84615384615384,1.3179703277925616,-0.0064051828267149185,N/A,BASELINE_DATA
15:17:15.410,N/A,N/A,N/A,67.93103448275862,1.3171285810783304,0.0026353086471085905,N/A,BASELINE_DATA
15:17:16.269,N/A,N/A,N/A,70.49808429118774,1.3163329093181317,0.007955181530623903,N/A,BASELINE_DATA
15:17:17.160,N/A,N/A,N/A,67.06896551724138,1.3154528440713864,0.008251029912892976,N/A,BASELINE_DATA
15:17:18.051,N/A,N/A,N/A,78.84615384615384,1.314432044161174,0.006104952176810241,N/A,BASELINE_DATA
15:17:18.957,N/A,N/A,N/A,74.70769230769231,1.313293092094005,0.003105419300940951,N/A,BASELINE_DATA
15:17:19.957,N/A,N/A,N/A,76.17254901960784,1.3121165005558506,0.0009602460979555295,N/A,BASELINE_DATA
15:17:20.957,N/A,N/A,N/A,73.51831298557158,1.311010008082125,-0.0005741521917371255,N/A,BASELINE_DATA
15:17:21.941,N/A,N/A,N/A,74.81989708404802,1.3100809165406073,-0.002543909626715199,N/A,BASELINE_DATA
15:17:22.957,N/A,N/A,N/A,83.07692307692308,1.3094108234124129,-0.0033690184865520396,N/A,BASELINE_DATA
15:17:23.941,N/A,N/A,N/A,79.46488294314382,1.309028193808562,-0.0019803388676881426,N/A,BASELINE_DATA
15:17:24.926,N/A,N/A,N/A,80.24959742351047,1.308888390035601,-0.0006619279390503652,N/A,BASELINE_DATA
15:17:24.926,***,***,72.98395694327321,***,***,***,***,BASELINE_MEAN_HR
15:17:24.926,0:05:00,100,76.87241704183205,87.27272727272727,1.3268625724319716,0.00013236186006104742,0.0,GAME_NOT_STARTED
15:17:25.816,0:05:00,100,77.18382160365678,69.81818181818181,1.3248300880992898,9.092061627343548e-05,0.0,GAME_NOT_STARTED
15:17:26.754,0:05:00,100,77.13771310222913,68.57142857142857,1.3228545440282355,3.948141379072083e-05,0.0,GAME_NOT_STARTED
15:17:27.738,0:05:00,100,76.88003404369901,76.8,1.3209625303603205,-6.618952721848806e-05,0.0,GAME_NOT_STARTED
15:17:28.769,0:05:00,100,76.88231181251766,71.11111111111111,1.3188696673880869,1.751026070041093e-05,0.0,GAME_NOT_STARTED
15:17:29.863,0:05:00,100,76.88613749276927,72.45283018867924,1.3167853683658126,9.011521499998419e-05,0.0,GAME_NOT_STARTED
15:17:30.894,0:05:00,100,76.93384948582934,72.45283018867924,1.3150302061435386,-0.0001504728179609193,0.0,GAME_NOT_STARTED
15:17:31.785,0:05:00,100,76.95191133570849,67.36842105263158,1.312973778625778,-0.00012171726354989442,0.0,GAME_NOT_STARTED
15:17:32.769,0:05:00,100,76.72797424885182,69.81818181818181,1.3109435927814108,-0.0001386880040505565,0.0,GAME_NOT_STARTED
15:17:33.738,0:05:00,100,76.92438580375395,80.0,1.3087695050841288,-3.5128293758568794e-05,0.0,GAME_NOT_STARTED
15:17:34.613,0:05:00,100,76.8080115347481,67.36842105263158,1.306966915765567,-0.0003056142959857297,0.0,GAME_NOT_STARTED
15:17:35.457,0:05:00,100,76.970118997763,69.81818181818181,1.3047230017549232,-0.00017907882187464364,0.0,GAME_NOT_STARTED
15:17:36.379,0:05:00,100,77.32550166999815,80.0,1.3025865758311714,-0.00013790695570351834,0.0,GAME_NOT_STARTED
15:17:37.410,0:05:00,100,77.43953675771745,80.0,1.3005492187673935,-0.00019513717083656027,0.0,GAME_NOT_STARTED
15:17:38.441,0:05:00,100,77.49881455688742,68.57142857142857,1.2983256564276096,-9.331145889841561e-05,0.0,GAME_NOT_STARTED
15:17:39.613,0:05:00,100,77.32908405112818,72.45283018867924,1.2960944063444493,-4.0655044938551115e-06,0.0,GAME_NOT_STARTED
15:17:40.769,0:05:00,100,77.37099785513263,66.20689655172414,1.2936541113633133,0.0002717580792951182,0.0,GAME_NOT_STARTED
15:17:41.910,0:05:00,100,77.33069738481187,75.29411764705883,1.2914202275619144,0.00035235552340611315,0.0,GAME_NOT_STARTED
15:17:43.066,0:05:00,100,77.49018437016419,72.45283018867924,1.2890554450039278,0.00040353276968655495,0.0,GAME_NOT_STARTED
15:17:44.316,0:05:00,100,77.98024100924263,89.30232558139535,1.286551689596986,0.00018155265080253133,0.0,GAME_NOT_STARTED
15:17:45.441,0:05:00,100,78.13979041940952,69.81818181818181,1.283911301572035,-0.0001266907636474303,0.0,GAME_NOT_STARTED
15:17:46.566,0:05:00,100,78.39766472900797,78.36734693877551,1.281027179275957,-0.00020049198816456397,0.0,GAME_NOT_STARTED
15:17:47.676,0:05:00,100,78.14814440805908,80.0,1.278143240539214,-0.00013360218417338826,0.0,GAME_NOT_STARTED
15:17:48.816,0:05:00,100,78.54677688669156,91.42857142857143,1.2754842774779314,-0.00011667762055594095,0.0,GAME_NOT_STARTED
15:17:49.910,0:05:00,100,78.8055755172549,78.36734693877551,1.2728891575047108,-3.408923910010379e-05,0.0,GAME_NOT_STARTED
15:17:50.957,0:05:00,100,79.16510732311616,87.27272727272727,1.2704721959348246,-1.268613470124322e-05,0.0,GAME_NOT_STARTED
15:17:51.941,0:05:00,100,79.6589895415267,96.0,1.2680525115297383,0.00011917576671812434,0.0,GAME_NOT_STARTED
15:17:52.863,0:05:00,100,79.84486081311223,78.36734693877551,1.2658254007980905,0.0001169089563769757,0.0,GAME_NOT_STARTED
15:17:53.785,0:05:00,100,79.73144554734039,75.29411764705883,1.2635247141579513,0.0001350728381871976,0.0,GAME_NOT_STARTED
15:17:54.644,0:05:00,100,79.75761318711018,81.70212765957447,1.2612420097616457,0.00010343798979999387,0.0,GAME_NOT_STARTED
15:17:55.519,0:05:00,100,79.94662337253138,89.30232558139535,1.258962424665227,0.0003245924007298428,0.0,GAME_NOT_STARTED
15:17:56.410,0:05:00,100,80.03892091500211,81.70212765957447,1.2580817616890891,-1.643431289035137e-05,0.0,GAME_NOT_STARTED
15:17:57.316,0:05:00,100,80.47937327793365,83.47826086956522,1.2586584861153574,4.222192833484696e-05,0.0,GAME_NOT_STARTED
15:17:58.269,0:05:00,100,80.77414208400681,80.0,1.2618681664016802,-6.690503708226153e-05,0.0,GAME_NOT_STARTED
15:17:59.269,0:05:00,100,80.98630635712347,78.36734693877551,1.2673118160039671,-0.00011216450984388595,0.0,GAME_NOT_STARTED
15:18:00.269,0:05:00,100,81.32945815610674,81.70212765957447,1.274579663056587,-0.00012128333392598575,0.0,GAME_NOT_STARTED
15:18:01.222,0:05:00,100,81.52320178702419,73.84615384615384,1.2828774405083117,-2.2635881149817478e-05,0.0,GAME_NOT_STARTED
15:18:02.238,0:05:00,100,81.49493203184281,68.57142857142857,1.291707426566797,1.7675946441025264e-06,0.0,GAME_NOT_STARTED
15:18:03.285,0:05:00,100,81.63143529466187,73.84615384615384,1.3004804737024231,0.00011394625471319431,0.0,GAME_NOT_STARTED
15:18:04.269,0:05:00,100,81.43298929621587,68.57142857142857,1.3092695831654764,2.9976216197184306e-05,0.0,GAME_NOT_STARTED
15:18:05.144,0:05:00,100,81.41266888735056,75.29411764705883,1.317735133216942,-7.69114685797545e-05,0.0,GAME_NOT_STARTED
15:18:06.019,0:05:00,100,81.88722068574137,91.42857142857143,1.325771389576403,-0.00011897124329678561,0.0,GAME_NOT_STARTED
15:18:06.972,0:05:00,100,82.01957690095472,76.8,1.3335108797594013,-0.00018138587908238878,0.0,GAME_NOT_STARTED
15:18:07.879,0:05:00,100,82.0062435676214,80.0,1.3410006229435623,-0.0002779369189270702,0.0,GAME_NOT_STARTED
15:18:08.754,0:05:00,100,82.15590343156697,78.36734693877551,1.3481368669555216,-0.00028548570704520275,0.0,GAME_NOT_STARTED
15:18:09.691,0:05:00,100,82.38257523236277,68.57142857142857,1.3551789298248076,-0.0004271042403718253,0.0,GAME_NOT_STARTED
15:18:10.535,0:05:00,100,82.29414841009387,65.08474576271186,1.3618598217445148,-0.00045143656723134967,0.0,GAME_NOT_STARTED
15:18:11.410,0:05:00,100,82.10936774685892,69.81818181818181,1.3685766057073858,-0.0007336149699359325,0.0,GAME_NOT_STARTED
15:18:12.254,0:05:00,100,81.68531199693784,73.84615384615384,1.3747650220640375,-0.0006659990573393473,0.0,GAME_NOT_STARTED
15:18:13.082,0:05:00,100,81.4650755759555,80.0,1.3809825587722553,-0.0008341480969846811,0.0,GAME_NOT_STARTED
15:18:13.879,0:05:00,100,81.66670113386012,85.33333333333333,1.3871954142605074,-0.0012138713799680456,0.0,GAME_NOT_STARTED
15:18:14.691,0:05:00,100,81.84298021540236,67.36842105263158,1.39319512420941,-0.001695679171533594,0.0,GAME_NOT_STARTED
15:18:15.644,0:05:00,100,81.82780418007594,76.8,1.3987597255286688,-0.0019204983013486837,0.0,GAME_NOT_STARTED
15:18:16.597,0:05:00,100,81.38255165482343,69.81818181818181,1.4041506322290749,-0.0020534727440316685,0.0,GAME_NOT_STARTED
15:18:17.566,0:05:00,100,80.99865407092584,73.84615384615384,1.4093343528273659,-0.0020645711299942917,0.0,GAME_NOT_STARTED
15:18:18.519,0:05:00,100,80.68826044960784,75.29411764705883,1.4142381660842296,-0.001887764197010474,0.0,GAME_NOT_STARTED
15:18:19.566,0:05:00,100,80.06660222402805,68.57142857142857,1.4185458383036724,-0.0011754365500050619,0.0,GAME_NOT_STARTED
15:18:20.566,0:05:00,100,79.42190582695069,71.11111111111111,1.422431389867708,-3.165300717099559e-05,0.0,GAME_NOT_STARTED
15:18:21.660,0:05:00,100,79.36352869832147,76.8,1.4255848789972696,0.001824013514056819,0.0,GAME_NOT_STARTED
15:18:22.769,0:05:00,100,79.17949866077453,75.29411764705883,1.4280203825792972,0.004248651198616627,0.0,GAME_NOT_STARTED
15:18:23.910,0:05:00,100,78.95356503492113,67.36842105263158,1.4306553890941194,0.005290562446658321,0.0,GAME_NOT_STARTED
15:18:24.957,0:05:00,100,78.5207495308798,78.36734693877551,1.4324448133625118,0.004729480650298905,0.0,GAME_NOT_STARTED
15:18:26.066,0:05:00,100,78.22540033214132,75.29411764705883,1.432969158605832,0.002185821482958685,0.0,GAME_NOT_STARTED
15:18:27.191,0:05:00,100,78.08380746310964,78.36734693877551,1.4298022594482518,0.0009955739496963552,0.0,GAME_NOT_STARTED
15:18:28.207,0:05:00,100,78.08966938234543,81.70212765957447,1.4256707431240763,-0.0004437543494263017,0.0,GAME_NOT_STARTED
15:18:29.191,0:05:00,100,78.21420903272094,85.33333333333333,1.4197926841609851,-0.000493009554969145,0.0,GAME_NOT_STARTED
15:18:30.207,0:05:00,100,78.49021954702934,87.27272727272727,1.4141168378646953,-0.0004095912745668432,0.0,GAME_NOT_STARTED
15:18:31.191,0:05:00,100,78.7876681301922,80.0,1.4086706267098903,-0.0001730594070544428,0.0,GAME_NOT_STARTED
15:18:32.144,0:05:00,100,78.98987949907024,71.11111111111111,1.4034890395108637,-5.6716735390076474e-05,0.0,GAME_NOT_STARTED
15:18:32.988,0:05:00,100,79.03344334263409,71.11111111111111,1.3984084133860284,0.00020882848564099773,0.0,GAME_NOT_STARTED
15:18:33.894,0:05:00,100,79.05788730825451,73.84615384615384,1.3934763550242941,0.0006644137267551168,0.0,GAME_NOT_STARTED
15:18:34.801,0:05:00,100,78.72950980340643,73.84615384615384,1.3897575287646242,-1.738999026717943e-05,0.0,GAME_NOT_STARTED
15:18:35.722,0:05:00,100,78.33264384450656,65.08474576271186,1.3856321180945204,-0.00012202293366208199,0.0,GAME_NOT_STARTED
15:18:36.676,0:05:00,100,78.21922699360998,83.47826086956522,1.3815182497910503,-0.0001576638858675835,0.0,GAME_NOT_STARTED
15:18:37.629,0:05:00,100,77.89381294326553,85.33333333333333,1.3776251039227392,-0.00028733341532207694,0.0,GAME_NOT_STARTED
15:18:38.566,0:05:00,100,78.10935788464636,81.70212765957447,1.3737384025591013,-0.0002796426466355374,0.0,GAME_NOT_STARTED
15:18:39.535,0:05:00,100,78.57537110440296,83.47826086956522,1.3699108502439297,-5.7047737127066754e-05,0.0,GAME_NOT_STARTED
15:18:40.629,0:05:00,100,78.977925233846,75.29411764705883,1.3667711302659824,-0.000139605048057027,0.0,GAME_NOT_STARTED
15:18:41.707,0:05:00,100,79.19501346774095,73.84615384615384,1.3638263589409332,-7.63510466017569e-05,0.0,GAME_NOT_STARTED
15:18:42.785,0:05:00,100,79.12236389509137,73.84615384615384,1.3610467768988106,4.178249317963826e-05,0.0,GAME_NOT_STARTED
15:18:43.754,0:05:00,100,78.98268135540883,78.36734693877551,1.3584724711151217,6.675542698453849e-05,0.0,GAME_NOT_STARTED
15:18:44.738,0:05:00,100,78.79729466812033,75.29411764705883,1.3560037526110693,3.047294900668464e-05,0.0,GAME_NOT_STARTED
15:18:45.676,0:05:00,100,78.9713342488649,78.36734693877551,1.3534277120923082,8.849071126587553e-05,0.0,GAME_NOT_STARTED
15:18:46.566,0:05:00,100,79.13994278318772,78.36734693877551,1.350997644054219,5.3706231223573285e-05,0.0,GAME_NOT_STARTED
15:18:47.472,0:05:00,100,79.21908987149925,72.45283018867924,1.3485697916238513,6.850872767839224e-05,0.0,GAME_NOT_STARTED
15:18:48.379,0:05:00,100,79.44318344964387,87.27272727272727,1.3462734581662088,2.638948557519961e-05,0.0,GAME_NOT_STARTED
15:18:49.238,0:05:00,100,79.45940802841072,66.20689655172414,1.344040285055774,-5.494817369411707e-05,0.0,GAME_NOT_STARTED
15:18:50.144,0:05:00,100,79.49212711860106,71.11111111111111,1.3418948137518112,-7.754173176796685e-05,0.0,GAME_NOT_STARTED
15:18:51.004,0:05:00,100,79.7118157927825,83.47826086956522,1.3400701862445623,-0.0002463831675020602,0.0,GAME_NOT_STARTED
15:18:51.847,0:05:00,100,79.490343783689,64.0,1.3382475419114086,-0.0002665071337581811,0.0,GAME_NOT_STARTED
15:18:52.660,0:05:00,100,79.3483991785865,68.57142857142857,1.3366686415041298,-0.0003599039051027013,0.0,GAME_NOT_STARTED
15:18:53.519,0:05:00,100,79.24341449465444,71.11111111111111,1.3351579517017316,-0.0003953835924949958,0.0,GAME_NOT_STARTED
15:18:54.441,0:05:00,100,79.35786754351899,75.29411764705883,1.3336320211074353,-0.0002948602576486755,0.0,GAME_NOT_STARTED
15:18:55.379,0:05:00,100,79.32446751684166,76.8,1.3325395728206333,-0.00047995218909769986,0.0,GAME_NOT_STARTED
15:18:56.332,0:05:00,100,79.38828195299652,87.27272727272727,1.3312819504201825,-0.00036891381207392466,0.0,GAME_NOT_STARTED
15:18:57.238,0:05:00,100,79.344190729574,78.36734693877551,1.3301877139431868,-0.00017987017225103591,0.0,GAME_NOT_STARTED
15:18:58.129,0:05:00,100,78.91550961733492,72.45283018867924,1.3291284559621914,0.00010878369609212945,0.0,GAME_NOT_STARTED
15:18:59.144,0:05:00,100,78.91159451068003,67.36842105263158,1.3282219186405688,0.0003307592595823619,0.0,GAME_NOT_STARTED
15:19:00.129,0:05:00,100,78.65655877318817,80.0,1.3274149278395584,0.0002647868504192431,0.0,GAME_NOT_STARTED
15:19:01.176,0:05:00,100,78.78315809978749,69.81818181818181,1.326500685835771,3.388319629936999e-05,0.0,GAME_NOT_STARTED
15:19:02.363,0:05:00,100,79.01953237506754,78.36734693877551,1.3254813446258984,-0.00027397880349249885,0.0,GAME_NOT_STARTED
15:19:03.488,0:05:00,100,79.1318234453418,75.29411764705883,1.3239826235703949,-0.00016836590186737008,0.0,GAME_NOT_STARTED
15:19:04.551,0:05:00,100,79.23606153828045,71.11111111111111,1.3225945830655779,-9.700705338094753e-05,0.0,GAME_NOT_STARTED
15:19:05.613,0:05:00,100,79.24262290624313,80.0,1.3211331911480177,0.00013755562035479865,0.0,GAME_NOT_STARTED
15:19:06.629,0:05:00,100,79.64163451155157,83.47826086956522,1.319579981314709,0.0004760696369082564,0.0,GAME_NOT_STARTED
15:19:07.660,0:05:00,100,79.62638701878328,91.42857142857143,1.3181831550862415,0.0004133873137470121,0.0,GAME_NOT_STARTED
15:19:08.597,0:05:00,100,79.82734537108298,85.33333333333333,1.3166389441130188,0.00020795788522193125,0.0,GAME_NOT_STARTED
15:19:09.582,0:05:00,100,79.99351927203405,81.70212765957447,1.3148447523295823,-4.4605424159471425e-05,0.0,GAME_NOT_STARTED
15:19:10.519,0:05:00,100,80.01364573833251,76.8,1.312883739999439,-0.00021308129694202728,0.0,GAME_NOT_STARTED
15:19:11.426,0:05:00,100,79.8173704346888,67.36842105263158,1.3108395351862967,-0.00018850004411569344,0.0,GAME_NOT_STARTED
15:19:12.301,0:05:00,100,79.65397452352722,72.45283018867924,1.3089201854207528,-0.00022302841571086605,0.0,GAME_NOT_STARTED
15:19:13.191,0:05:00,100,79.62724375381248,73.84615384615384,1.3069561794185365,-0.00021438241963974526,0.0,GAME_NOT_STARTED
15:19:14.129,0:05:00,100,79.2755046883225,72.45283018867924,1.3047176762528643,3.3695922089989475e-05,0.0,GAME_NOT_STARTED
15:19:15.082,0:05:00,100,79.06996838575114,71.11111111111111,1.3026945819001405,6.863390701540395e-05,0.0,GAME_NOT_STARTED
15:19:16.004,0:05:00,100,78.94720565382399,71.11111111111111,1.3003632171827593,0.0003032163903358678,0.0,GAME_NOT_STARTED
15:19:16.988,0:05:00,100,78.69644987803676,76.8,1.2983044395223238,3.449617307088403e-05,0.0,GAME_NOT_STARTED
15:19:18.035,0:05:00,100,78.92321108617729,80.0,1.2958853590481467,-8.374121664787664e-05,0.0,GAME_NOT_STARTED
15:19:19.207,0:05:00,100,79.27157571395009,81.70212765957447,1.293201637844729,-2.0105866642393254e-05,0.0,GAME_NOT_STARTED
15:19:20.519,0:05:00,100,79.32467012812991,80.0,1.2906336018777615,-6.723367889748933e-05,0.0,GAME_NOT_STARTED
15:19:21.769,0:05:00,100,79.52901795421685,71.11111111111111,1.2878578549367563,0.00010091867232525464,0.0,GAME_NOT_STARTED
15:19:22.847,0:05:00,100,79.61585457438682,71.11111111111111,1.2854293134758372,-2.4128218983622726e-05,0.0,GAME_NOT_STARTED
15:19:23.988,0:05:00,100,79.6155659740982,69.81818181818181,1.2828383227312117,5.000322181123409e-05,0.0,GAME_NOT_STARTED
15:27:57.066,0:05:00,100,79.7027441860359,83.47826086956522,1.2803215727045094,-3.611670876639362e-05,0.0,GAME_NOT_STARTED
15:27:58.097,0:05:00,100,79.95986268560965,83.47826086956522,1.277678012226883,3.7611258077666865e-05,0.0,GAME_NOT_STARTED
15:27:59.129,0:05:00,100,80.01519865398909,83.47826086956522,1.275064663274361,9.260809503381658e-05,0.0,GAME_NOT_STARTED
15:28:00.129,0:05:00,100,80.0680609056091,83.47826086956522,1.2724791036082308,8.791289659558649e-05,0.0,GAME_NOT_STARTED
15:28:01.066,0:05:00,100,80.39450222865186,83.47826086956522,1.2698839016614971,3.3292709582831775e-05,0.0,GAME_NOT_STARTED
15:28:01.910,0:05:00,100,80.41308731446753,72.45283018867924,1.2672183069459357,6.230323459836008e-06,0.0,GAME_NOT_STARTED
15:28:02.738,0:05:00,100,80.41663391682248,68.57142857142857,1.2644320335039143,7.35684385826266e-05,0.0,GAME_NOT_STARTED
15:28:03.566,0:05:00,100,80.18195930181999,62.950819672131146,1.2617179167282884,4.35583986185664e-05,0.0,GAME_NOT_STARTED
15:28:04.426,0:05:00,100,79.67846829384943,69.81818181818181,1.259013626383844,2.1031942181383645e-05,0.0,GAME_NOT_STARTED
15:28:05.363,0:05:00,100.0,79.43191148930943,69.81818181818181,1.2564540009804954,-0.00011450976525779909,0.0,ROBOT_CONTROL
15:28:06.269,0:05:00,100.0,79.44124931198058,76.8,1.2536757633876587,-1.8144768410297227e-06,0.0,ROBOT_CONTROL
15:28:07.222,0:05:00,100.0,79.41607865112366,75.29411764705883,1.251215301052518,-3.435503158271217e-05,0.0,ROBOT_CONTROL
15:28:08.207,0:05:00,100.0,79.15155857330436,73.84615384615384,1.2487486321191419,2.648407485475904e-05,0.0,ROBOT_CONTROL
15:28:09.160,0:05:00,100.0,78.83980115608902,80.0,1.2463437707913962,7.872857857046099e-05,0.0,ROBOT_CONTROL
15:28:10.144,0:05:00,100.0,78.507183664648,75.29411764705883,1.244024561516559,6.38715156516124e-05,0.0,ROBOT_CONTROL
15:28:11.097,0:05:00,100.0,78.31124713400739,78.36734693877551,1.241895275442494,-2.6684567522480637e-05,0.0,ROBOT_CONTROL
15:28:12.129,0:05:00,100.0,78.3226409681368,78.36734693877551,1.2399384217165565,-4.5143439939513094e-05,0.0,ROBOT_CONTROL
15:28:13.160,0:05:00,100.0,78.47950932951642,76.8,1.238543528949527,-8.712398364907282e-05,0.0,ROBOT_CONTROL
15:28:14.129,0:05:00,100.0,78.65215694135824,78.36734693877551,1.2379469144542674,-0.00022887919724717302,0.0,ROBOT_CONTROL
15:28:15.129,0:05:00,100.0,78.61716456027422,64.0,1.2377982142689694,-0.0001820964270085288,0.0,ROBOT_CONTROL
15:28:16.207,0:05:00,100.0,78.56468860642313,64.0,1.2381502893270804,-0.00014210174111030708,0.0,ROBOT_CONTROL
15:28:17.301,0:05:00,100.0,78.56909112214642,80.0,1.238812864596941,-3.153235707733145e-05,0.0,ROBOT_CONTROL
15:28:18.269,0:05:00,100.0,78.96200577593063,83.47826086956522,1.2397838157794967,1.4803382056883159e-05,0.0,ROBOT_CONTROL
15:28:19.238,0:05:00,100.0,79.20787360454355,75.29411764705883,1.2407749371957788,0.00010704471283974107,0.0,ROBOT_CONTROL
15:28:20.129,0:05:00,100.0,79.43919013115419,96.0,1.241768409586098,0.00011034471919775739,0.0,ROBOT_CONTROL
15:28:21.035,0:05:00,100.0,79.56308538483668,73.84615384615384,1.2426632667456352,3.337376378943737e-05,0.0,ROBOT_CONTROL
15:28:21.863,0:05:00,100.0,79.15392460009774,68.57142857142857,1.243272732448188,0.00010842212686564799,0.0,ROBOT_CONTROL
15:28:22.707,0:05:00,100.0,79.28125379264432,83.47826086956522,1.2439086835609667,2.2216417107821334e-05,0.0,ROBOT_CONTROL
15:28:23.535,0:05:00,100.0,79.48439724982114,72.45283018867924,1.2443980363450486,-6.124591595103498e-05,0.0,ROBOT_CONTROL
15:28:24.457,0:05:00,100.0,79.48673509366841,69.81818181818181,1.2448416430504463,-0.00017697371996418566,0.0,ROBOT_CONTROL
15:28:25.363,0:05:00,100.0,79.15471928339174,69.81818181818181,1.2451144316415046,-0.0001840888238588862,0.0,ROBOT_CONTROL
15:28:26.316,0:04:59.640000,100.0,78.91152739734505,72.45283018867924,1.2454583130745684,-0.0002531326128663531,0.0,ROBOT_CONTROL
15:28:27.347,0:04:59.050000,100.0,78.55949441528746,73.84615384615384,1.2457558959467678,-0.0002715764428363009,0.0,ROBOT_CONTROL
15:28:28.379,0:04:58.350000,100.0,78.34526178801136,80.0,1.2460682911443197,-0.0003177658383370557,0.0,ROBOT_CONTROL
15:28:29.566,0:04:57.480000,100.0,78.03921493722292,76.8,1.24630752342958,-0.00026776407876132334,0.0,ROBOT_CONTROL
15:28:30.847,0:04:56.480000,100.0,77.83729284509572,69.81818181818181,1.2469759471407502,-0.0003476414018292307,0.0,ROBOT_CONTROL
15:28:32.035,0:04:55.360000,100.0,77.8493160420246,72.45283018867924,1.248243884465597,-0.0004522442147029475,0.0,ROBOT_CONTROL
15:28:33.238,0:04:54.350000,100.0,77.7259012569952,68.57142857142857,1.2500637300981756,-0.0005280454042012532,0.0,ROBOT_CONTROL
15:28:34.254,0:04:53.430000,100.0,77.84355226394878,65.08474576271186,1.2523868321117497,-0.0005829680319912728,0.0,ROBOT_CONTROL
15:28:35.379,0:04:52.470000,100.0,77.74388244224507,68.57142857142857,1.2550197860260237,-0.0005670357382872384,0.0,ROBOT_CONTROL
15:28:36.488,0:04:51.470000,100.0,77.60050581886846,68.57142857142857,1.257737302429728,-0.0004223806413836545,0.0,ROBOT_CONTROL
15:28:37.629,0:04:50.420000,100.0,77.3224792446574,66.20689655172414,1.2602378910895915,-0.00012601971871732567,0.0,ROBOT_CONTROL
15:28:38.629,0:04:49.590000,100.0,77.0695437645414,68.57142857142857,1.2626012070095791,0.00010479077956869198,0.0,ROBOT_CONTROL
15:28:39.676,0:04:48.730000,100.0,76.80776110275873,64.0,1.26449648886523,0.0005315475198994071,0.0,ROBOT_CONTROL
15:28:40.676,0:04:47.880000,100.0,76.41233626615742,69.81818181818181,1.2663347737852564,0.0007937279902944596,0.0,ROBOT_CONTROL
15:28:41.566,0:04:47.100000,100.0,76.04555316941152,62.950819672131146,1.2676075050766002,0.001492692915355973,0.0,ROBOT_CONTROL
15:28:42.410,0:04:46.330000,100.0,75.56871625515151,65.08474576271186,1.2691596272379364,0.0014841040409019279,0.0,ROBOT_CONTROL
15:28:43.269,0:04:45.620000,100.0,75.39977578002863,71.11111111111111,1.2709286925872179,0.0004740726946150953,0.0,ROBOT_CONTROL
15:28:44.144,0:04:44.790000,100.0,75.10158138362601,65.08474576271186,1.2717525307438295,0.0001343006665183322,0.0,ROBOT_CONTROL
15:28:45.019,0:04:44.070000,100.0,74.92791171487967,71.11111111111111,1.2724683427832864,0.00010754897486967501,0.0,ROBOT_CONTROL
15:28:45.941,0:04:43.280000,100.0,75.09342895625896,66.20689655172414,1.273850534590327,-0.00023492171042685804,0.0,ROBOT_CONTROL
15:28:46.926,0:04:42.370000,100.0,74.87207042648431,65.08474576271186,1.2754038323007142,-0.0003014011749741422,0.0,ROBOT_CONTROL
15:28:47.926,0:04:41.500000,100.0,74.32743938191145,67.36842105263158,1.2774676786827908,-0.00031306437172913114,0.0,ROBOT_CONTROL
15:28:48.941,0:04:40.600000,100.0,74.06324949543054,75.29411764705883,1.280062439143153,-0.0003754696258242255,0.0,ROBOT_CONTROL
15:28:49.988,0:04:39.630000,100.0,73.43792896579139,67.36842105263158,1.282824831772963,-0.00027518987953714874,0.0,ROBOT_CONTROL
15:28:51.066,0:04:38.670000,100.0,72.9097438305887,71.11111111111111,1.2860452607184798,-0.00044509795296256784,0.0,ROBOT_CONTROL
15:28:52.113,0:04:37.730000,100.0,73.05031401877794,78.36734693877551,1.2890937566010627,-0.00041516633370245625,0.0,ROBOT_CONTROL
15:28:53.066,0:04:36.940000,100.0,72.72161275197793,65.08474576271186,1.2921309821419775,-0.00037744433343299595,0.0,ROBOT_CONTROL
15:28:54.066,0:04:36.140000,100.0,72.54794071367664,72.45283018867924,1.2952720721009547,-0.0005576720530356357,0.0,ROBOT_CONTROL
15:28:55.160,0:04:35.240000,100.0,72.50406257923247,72.45283018867924,1.2982050481750873,-0.00045134064865615895,0.0,ROBOT_CONTROL
15:28:56.144,0:04:34.420000,100.0,72.56152201418053,66.20689655172414,1.301559321144967,-0.0002737706722260418,0.0,ROBOT_CONTROL
15:28:57.144,0:04:33.640000,100.0,72.19508428880341,62.950819672131146,1.3054440314156979,-3.202264186079267e-05,0.0,ROBOT_CONTROL
15:28:58.097,0:04:32.790000,100.0,71.96844712557485,72.45283018867924,1.3094981505169396,0.0005460825050675781,0.0,ROBOT_CONTROL
15:28:59.097,0:04:31.920000,100.0,71.70298888377884,62.950819672131146,1.3139950408971945,0.0011117539075057039,0.0,ROBOT_CONTROL
15:29:00.066,0:04:31.200000,100.0,71.34445982580036,64.0,1.3186093321684227,0.0015027863667965396,0.0,ROBOT_CONTROL
15:29:00.910,0:04:30.550000,100.0,71.29516689650741,76.8,1.3230366627588903,0.0009765356098186098,0.0,ROBOT_CONTROL
15:29:01.722,0:04:29.860000,100.0,71.2943339393289,67.36842105263158,1.3269031013010029,-0.00012442546529331722,0.0,ROBOT_CONTROL
15:29:02.551,0:04:29.210000,100.0,71.4186115371279,68.57142857142857,1.3293756162415482,-0.0006894973595562186,0.0,ROBOT_CONTROL
15:29:03.457,0:04:28.470000,100.0,71.4171643188484,66.20689655172414,1.331616961529212,-0.0010275650827026358,0.0,ROBOT_CONTROL
15:29:04.379,0:04:27.650000,100.0,71.4918819511237,72.45283018867924,1.3335504887916714,-0.0009297195688671872,0.0,ROBOT_CONTROL
15:29:05.379,0:04:26.780000,100.0,71.46949378150386,62.950819672131146,1.3361972435262537,-0.0012176605380218627,0.0,ROBOT_CONTROL
15:29:06.363,0:04:25.930000,100.0,71.3690306154639,65.08474576271186,1.338297352948078,-0.00041430003487499627,0.0,ROBOT_CONTROL
15:29:07.426,0:04:25.060000,100.0,71.39917171924613,68.57142857142857,1.3410127403226701,-0.0001250962133763681,0.0,ROBOT_CONTROL
15:29:08.519,0:04:24.180000,100.0,71.42607230404145,68.57142857142857,1.343852471295595,-0.00010429262991602702,0.0,ROBOT_CONTROL
15:29:09.738,0:04:23.090000,100.0,71.48956436753352,68.57142857142857,1.3464973697360445,-8.773375317812422e-05,0.0,ROBOT_CONTROL
15:29:11.019,0:04:22.020000,100.0,71.6512278406724,78.36734693877551,1.3494327960929007,2.7059712710220735e-05,0.0,ROBOT_CONTROL
15:29:12.129,0:04:21.090000,100.0,72.03359677906282,72.45283018867924,1.3527074945912265,0.0009837768772160125,0.0,ROBOT_CONTROL
15:29:13.238,0:04:20.170000,100.0,72.26455914470291,75.29411764705883,1.3575107883139443,0.0002496607207190676,0.0,ROBOT_CONTROL
15:29:14.301,0:04:19.270000,100.0,72.39427840262249,68.57142857142857,1.3616324764856433,0.0008735217920254452,0.0,ROBOT_CONTROL
15:29:15.254,0:04:18.400000,100.0,72.43098662012166,68.57142857142857,1.3666604497706771,0.00044779862152931647,0.0,ROBOT_CONTROL
15:29:16.238,0:04:17.530000,100.0,72.45289076239015,72.45283018867924,1.3710009768937694,0.0001353879717020063,0.0,ROBOT_CONTROL
15:29:17.207,0:04:16.650000,100.0,72.5490920594604,64.0,1.3749781637089658,-0.00026271565281643064,0.0,ROBOT_CONTROL
15:29:18.191,0:04:15.820000,100.0,72.62103637047697,73.84615384615384,1.378449920438196,-0.0003862212707392611,0.0,ROBOT_CONTROL
15:29:19.113,0:04:15.080000,100.0,72.48386085249649,67.36842105263158,1.3816161480732856,-0.000151184841582997,0.0,ROBOT_CONTROL
15:29:20.066,0:04:14.310000,100.0,72.68521271234656,73.84615384615384,1.385793144851776,-0.0008229142389800428,0.0,ROBOT_CONTROL
15:29:20.910,0:04:13.630000,100.0,72.90278950164677,75.29411764705883,1.3883330334831199,0.00032895784737713043,0.0,ROBOT_CONTROL
15:29:21.707,0:04:12.920000,100.0,72.80354980576841,71.11111111111111,1.3917639201824028,0.0005114392011726839,0.0,ROBOT_CONTROL
15:29:22.535,0:04:12.190000,100.0,72.9125622247691,72.45283018867924,1.3954778478243348,0.00047454243423505503,0.0,ROBOT_CONTROL
15:29:23.472,0:04:11.430000,100.0,72.84513109497787,68.57142857142857,1.398295015800746,0.0015679165712336315,0.0,ROBOT_CONTROL
15:29:24.426,0:04:10.650000,100.0,72.77974751022985,67.36842105263158,1.402085175666541,0.0011177641104320685,0.0,ROBOT_CONTROL
15:29:25.472,0:04:09.760000,100.0,72.88951827198566,67.36842105263158,1.4064164121100051,-0.00037186750466974285,0.0,ROBOT_CONTROL
15:29:26.535,0:04:08.940000,100.0,73.00893684857601,71.11111111111111,1.4095277614455402,-0.00038554187807117695,0.0,ROBOT_CONTROL
15:29:27.691,0:04:07.930000,100.0,73.17536866858038,71.11111111111111,1.4134101427879207,-0.0010131965990568845,0.0,ROBOT_CONTROL
15:29:28.941,0:04:06.840000,100.0,73.31336794958409,78.36734693877551,1.4168334409216252,-0.0010041757917869866,0.0,ROBOT_CONTROL
15:29:30.191,0:04:05.780000,100.0,73.65640848091502,71.11111111111111,1.4211380975562247,-0.0012369315550795406,0.0,ROBOT_CONTROL
15:38:03.332,0:04:04.800000,100.0,73.61788996239649,71.11111111111111,1.424676968939271,-0.0003680284206409679,0.0,ROBOT_CONTROL
15:46:36.472,0:04:03.810000,100.0,73.60510243803002,71.11111111111111,1.4276682734260715,0.001413873739217481,0.0,ROBOT_CONTROL
15:46:37.582,0:04:02.830000,100.0,73.71231491366355,71.11111111111111,1.4343312389972434,-0.0004204369883606155,0.0,ROBOT_CONTROL
15:46:38.660,0:04:01.960000,100.0,73.83473782918992,71.11111111111111,1.4390581379391079,-0.0007211177957100427,0.0,ROBOT_CONTROL
15:46:39.738,0:04:01.010000,100.0,74.07930460419038,81.70212765957447,1.4436220907721085,-0.0006958505024556725,0.0,ROBOT_CONTROL
15:46:40.957,0:03:59.910000,100.0,74.22555792270666,75.29411764705883,1.4481314097710742,-0.00046594364976180124,0.0,ROBOT_CONTROL
15:46:42.051,0:03:58.920000,100.0,74.6103221727616,76.8,1.452718704476255,-0.00017460897948321584,0.0,ROBOT_CONTROL
15:46:42.957,0:03:58.130000,100.0,74.73459814615505,66.20689655172414,1.456615989893098,0.0009398956565523352,0.0,ROBOT_CONTROL
15:46:43.832,0:03:57.350000,100.0,74.90253062102038,76.8,1.460483931299132,0.002027285661061386,0.0,ROBOT_CONTROL
15:46:44.629,0:03:56.650000,100.0,75.05075572924548,69.81818181818181,1.464681394628614,0.002095814307597198,0.0,ROBOT_CONTROL
15:46:45.472,0:03:56,100.0,75.01785529634505,69.81818181818181,1.469281029821793,5.950609873258768e-05,0.0,ROBOT_CONTROL
15:46:46.332,0:03:55.330000,100.0,74.86943229077919,72.45283018867924,1.4715609160055592,-0.000664741506145528,0.0,ROBOT_CONTROL
15:46:47.238,0:03:54.520000,100.0,74.70150970963154,67.36842105263158,1.4732982539323751,-0.0008558069684136383,0.0,ROBOT_CONTROL
15:46:48.144,0:03:53.790000,100.0,74.72486013156131,76.8,1.4751084753906614,-0.00045008503963108273,0.0,ROBOT_CONTROL
15:46:49.066,0:03:53.010000,100.0,74.76990607976515,67.36842105263158,1.4779833349559053,-0.0003693268597564397,0.0,ROBOT_CONTROL
15:46:50.051,0:03:52.180000,100.0,74.90941968063747,75.29411764705883,1.481030325287259,-3.805454545329058e-05,0.0,ROBOT_CONTROL
15:46:51.113,0:03:51.250000,100.0,74.93791750883933,71.11111111111111,1.4846058563037108,6.846835986339688e-05,0.0,ROBOT_CONTROL
15:46:52.222,0:03:50.250000,100.0,75.01768958861142,71.11111111111111,1.4882818953603274,-0.00025008446366493373,0.0,ROBOT_CONTROL
15:46:53.285,0:03:49.320000,100.0,75.0974918465004,72.45283018867924,1.491218810788198,-0.00026075032002995633,0.0,ROBOT_CONTROL
15:46:54.254,0:03:48.510000,100.0,74.98821526850487,68.57142857142857,1.4940496298704622,-0.0004998982188542415,0.0,ROBOT_CONTROL
15:46:55.238,0:03:47.610000,100.0,74.88402467004863,71.11111111111111,1.4954356742896073,0.0007692289304880044,0.0,ROBOT_CONTROL
15:46:56.160,0:03:46.800000,100.0,74.87520045552705,72.45283018867924,1.4985023619216107,0.0004230203279009845,0.0,ROBOT_CONTROL
15:46:57.082,0:03:45.980000,100.0,74.84172064803593,65.08474576271186,1.5000089747656349,0.0010140312496527326,0.0,ROBOT_CONTROL
15:46:58.019,0:03:45.220000,100.0,74.74619321416505,68.57142857142857,1.501752034235477,0.0008598567664283911,0.0,ROBOT_CONTROL
15:46:59.035,0:03:44.360000,100.0,74.84122639460041,72.45283018867924,1.5030108627954646,0.00039619496546846645,0.0,ROBOT_CONTROL
15:46:59.926,0:03:43.580000,100.0,74.76181781024644,72.45283018867924,1.503820319450665,-0.0001741605216768433,0.0,ROBOT_CONTROL
15:47:00.785,0:03:42.840000,100.0,74.78918181774948,67.36842105263158,1.5042146293035032,-0.0005318768785324637,0.0,ROBOT_CONTROL
15:47:01.629,0:03:42.140000,100.0,74.81303229361234,75.29411764705883,1.5042901405850468,-0.0003810327236717831,0.0,ROBOT_CONTROL
15:47:02.441,0:03:41.400000,100.0,74.79065351044925,69.81818181818181,1.5044599093341455,9.287997527544222e-05,0.0,ROBOT_CONTROL
15:47:03.301,0:03:40.660000,100.0,74.63693949959237,68.57142857142857,1.5059190014316932,-0.0010685839632758474,0.0,ROBOT_CONTROL
15:47:04.176,0:03:39.930000,100.0,74.62236427746998,72.45283018867924,1.5070521198439766,4.856866854401821e-05,0.0,ROBOT_CONTROL
15:47:04.988,0:03:39.320000,100.0,74.61219973900356,69.81818181818181,1.5072744140749144,-5.112507195147473e-05,0.0,ROBOT_CONTROL
15:47:05.847,0:03:38.630000,100.0,74.6558153826192,73.84615384615384,1.5076041787085153,-0.0005208522205394178,0.0,ROBOT_CONTROL
15:47:06.816,0:03:37.770000,100.0,74.81877834558216,76.8,1.507540381036607,-0.0003442052698509251,0.0,ROBOT_CONTROL
15:47:07.785,0:03:36.930000,100.0,74.67880461298431,80.0,1.508062139980072,-0.000577643217105541,0.0,ROBOT_CONTROL
15:47:08.738,0:03:36.130000,100.0,74.89994413262197,75.29411764705883,1.5085214587975404,-0.0008585678971723928,0.0,ROBOT_CONTROL
15:47:09.816,0:03:35.350000,100.0,74.86105021608098,73.84615384615384,1.5084926641566072,-0.0003520303468033741,0.0,ROBOT_CONTROL
15:47:10.863,0:03:34.480000,100.0,74.94649672359645,73.84615384615384,1.509201598310534,9.849904396204201e-05,0.0,ROBOT_CONTROL
15:47:11.972,0:03:33.610000,100.0,75.0616514539236,73.84615384615384,1.5100457276462718,0.0007413570287684896,0.0,ROBOT_CONTROL
15:47:13.113,0:03:32.570000,100.0,75.08925052152266,73.84615384615384,1.5118404341986553,0.0005639664254396093,0.0,ROBOT_CONTROL
15:47:14.176,0:03:31.670000,100.0,75.05906002236665,66.20689655172414,1.5132681740406224,0.0011948640470432223,0.0,ROBOT_CONTROL
15:47:15.269,0:03:30.680000,100.0,75.02601943066199,71.11111111111111,1.5155699996786332,0.0016000177826504505,0.0,ROBOT_CONTROL
15:47:16.316,0:03:29.820000,100.0,74.90557699441663,69.81818181818181,1.5198540767149817,0.00027151494744623474,0.0,ROBOT_CONTROL
15:47:17.379,0:03:28.920000,100.0,74.8134557822954,71.11111111111111,1.523335335258519,9.401124739547327e-05,0.0,ROBOT_CONTROL
15:47:18.410,0:03:28.020000,100.0,74.775093209196,67.36842105263158,1.5274608366728353,-0.000283428072683605,0.0,ROBOT_CONTROL
15:47:19.457,0:03:27.170000,100.0,74.72688067181936,73.84615384615384,1.5313389162990159,-6.757561458920488e-05,0.0,ROBOT_CONTROL
15:47:20.519,0:03:26.190000,100.0,74.75158117102967,71.11111111111111,1.536131697910101,-0.0004648617982733735,0.0,ROBOT_CONTROL
15:47:21.613,0:03:25.270000,100.0,74.73901102512619,69.81818181818181,1.5404708892717514,-0.00028040200448105075,0.0,ROBOT_CONTROL
15:47:22.519,0:03:24.460000,100.0,74.60424618595883,64.0,1.5446854893600295,9.59487919128947e-05,0.0,ROBOT_CONTROL
15:47:23.363,0:03:23.700000,100.0,74.44084803061952,65.08474576271186,1.5496292523972588,-0.0005809119861523101,0.0,ROBOT_CONTROL
15:47:24.176,0:03:23.020000,100.0,74.22244096996133,67.36842105263158,1.5534788961580135,-0.0006077527405273922,0.0,ROBOT_CONTROL
15:47:25.113,0:03:22.170000,100.0,74.08537407289242,65.08474576271186,1.5568546476395864,-0.0002614503418122126,0.0,ROBOT_CONTROL
15:47:26.066,0:03:21.320000,100.0,73.87392540004303,64.0,1.5600128310777883,0.0010422899933182337,0.0,ROBOT_CONTROL
15:47:27.035,0:03:20.430000,100.0,73.83436038581254,67.36842105263158,1.5651940865183565,-0.0005813696037747291,0.0,ROBOT_CONTROL
15:47:27.972,0:03:19.610000,100.0,73.70911042047706,65.08474576271186,1.568215232834628,-0.00024801131227985857,0.0,ROBOT_CONTROL
15:47:28.910,0:03:18.850000,100.0,73.57095883749018,72.45283018867924,1.5710460030917814,-0.0003520566181402766,0.0,ROBOT_CONTROL
15:47:29.832,0:03:18.070000,100.0,73.58861303587923,67.36842105263158,1.5737704921139337,-0.0002598097271243139,0.0,ROBOT_CONTROL
15:47:30.769,0:03:17.310000,100.0,73.41822764034171,66.20689655172414,1.577203017471169,-0.0005019316696911648,0.0,ROBOT_CONTROL
15:47:31.676,0:03:16.560000,100.0,73.29513418607856,71.11111111111111,1.5803966690572433,-0.0004790237334210306,0.0,ROBOT_CONTROL
15:47:32.613,0:03:15.830000,100.0,73.26619122610111,66.20689655172414,1.5840191075523018,-0.0002095932924372248,0.0,ROBOT_CONTROL
15:47:33.535,0:03:15.060000,100.0,73.07438075218263,64.0,1.5891323058550724,-0.0006917259315872035,0.0,ROBOT_CONTROL
15:47:34.441,0:03:14.290000,100.0,72.89348526510629,66.20689655172414,1.594791186345578,-0.0008762260530197488,0.0,ROBOT_CONTROL
15:47:35.363,0:03:13.510000,100.0,72.70817438723641,67.36842105263158,1.6012355188605691,-0.0007458273429588691,0.0,ROBOT_CONTROL
15:47:36.238,0:03:12.860000,100.0,72.39464343341508,66.20689655172414,1.6084571230406555,-0.0004191577237440788,0.0,ROBOT_CONTROL
15:47:37.066,0:03:12.190000,100.0,72.27738502558196,69.81818181818181,1.6158953451118145,3.75784709548734e-05,0.0,ROBOT_CONTROL
15:47:37.879,0:03:11.490000,100.0,72.04712347556459,72.45283018867924,1.6234208966662687,0.000578286016916867,0.0,ROBOT_CONTROL
15:47:38.707,0:03:10.810000,100.0,72.23385270123605,83.47826086956522,1.631241096225929,0.00037052155763423773,0.0,ROBOT_CONTROL
15:47:39.551,0:03:10.090000,100.0,72.10854612375556,64.0,1.6374659407886987,0.0011905972294981159,0.0,ROBOT_CONTROL
15:47:40.363,0:03:09.400000,100.0,71.91846065367008,73.84615384615384,1.6439402555322342,0.0014530808157169758,0.0,ROBOT_CONTROL
15:47:41.222,0:03:08.700000,100.0,71.82688556209499,68.57142857142857,1.64911604605645,0.003013551142215016,0.0,ROBOT_CONTROL
15:47:42.051,0:03:07.960000,100.0,71.7574062395473,65.08474576271186,1.6566592660554875,0.0018049642993941733,0.0,ROBOT_CONTROL
15:47:42.847,0:03:07.250000,100.0,71.65961371596089,69.81818181818181,1.6632780868454407,0.0011470182778685566,0.0,ROBOT_CONTROL
15:47:43.691,0:03:06.440000,100.0,71.75707359575796,67.36842105263158,1.6697337681347553,0.0003009479025559644,0.0,ROBOT_CONTROL
15:47:44.582,0:03:05.610000,100.0,71.740462600001,72.45283018867924,1.6758807881007252,-0.00023141774543812278,0.0,ROBOT_CONTROL
15:47:45.535,0:03:04.770000,100.0,71.86315927880493,72.45283018867924,1.6827749828825638,-0.0008074021504122694,0.0,ROBOT_CONTROL
15:47:46.582,0:03:03.920000,100.0,71.9693456406286,81.70212765957447,1.6895758427007501,-0.0005159230912150977,0.0,ROBOT_CONTROL
15:47:47.613,0:03:03.010000,100.0,72.23805932778201,69.81818181818181,1.6975917728647159,-0.0008338522326233895,0.0,ROBOT_CONTROL
15:47:48.691,0:03:02.020000,100.0,72.33844092149694,76.8,1.7052188080032482,-0.00060341971824624,0.0,ROBOT_CONTROL
15:47:49.722,0:03:01.130000,100.0,72.74365810515384,71.11111111111111,1.7134975162318276,-0.0009081655738461481,0.0,ROBOT_CONTROL
15:47:50.847,0:03:00.200000,100.0,73.03061763472837,78.36734693877551,1.7214723086984418,-0.0010155647618852262,0.0,ROBOT_CONTROL
15:47:51.941,0:02:59.230000,100.0,73.3178267794627,68.57142857142857,1.7290961593172423,-0.0010824085912620423,0.0,ROBOT_CONTROL
15:47:53.097,0:02:58.260000,100.0,73.36744234379725,68.57142857142857,1.7361159410141063,-0.0009316902200078408,0.0,ROBOT_CONTROL
15:47:54.191,0:02:57.360000,100.0,73.57130729879749,68.57142857142857,1.743365768493801,-0.0011102609134027268,0.0,ROBOT_CONTROL
15:47:55.269,0:02:56.450000,100.0,74.17070113221824,89.30232558139535,1.751103174421721,-0.0007497373673294619,0.0,ROBOT_CONTROL
15:47:56.316,0:02:55.650000,100.0,74.70264251284539,73.84615384615384,1.7607381642982716,-0.00013017498509852455,0.0,ROBOT_CONTROL
15:47:57.347,0:02:54.880000,100.0,75.05635987623145,81.70212765957447,1.7723363014174096,0.0012228890649971964,0.0,ROBOT_CONTROL
15:47:58.379,0:02:54.060000,100.0,75.31592038872482,91.42857142857143,1.7877891224464078,0.000182793149776773,0.0,ROBOT_CONTROL
15:47:59.394,0:02:53.190000,100.0,75.96510081104499,80.0,1.8032437801133634,0.0014826591262233366,0.0,ROBOT_CONTROL
15:48:00.488,0:02:52.270000,100.0,76.67813950398397,83.47826086956522,1.8226172277279589,0.0019571880145522985,0.0,ROBOT_CONTROL
15:48:01.472,0:02:51.500000,100.0,77.1823318522543,83.47826086956522,1.8449202718809286,0.0012516644853528686,0.0,ROBOT_CONTROL
15:48:02.301,0:02:50.790000,100.0,77.80095587357695,83.47826086956522,1.868069324626266,0.00045971300504414766,0.0,ROBOT_CONTROL
15:48:03.160,0:02:50.110000,100.0,78.40425422440156,83.47826086956522,1.8908989926625768,-0.0003838133465517251,0.0,ROBOT_CONTROL
15:48:04.160,0:02:49.260000,100.0,78.93963705929988,76.8,1.9124860628997848,-0.001008543110925359,0.0,ROBOT_CONTROL
15:48:05.207,0:02:48.400000,100.0,79.31761245756567,80.0,1.9322556802665434,-0.0011229501729920913,0.0,ROBOT_CONTROL
15:48:06.238,0:02:47.540000,100.0,79.59331676227605,75.29411764705883,1.950451083578992,-0.0010284114410925407,0.0,ROBOT_CONTROL
15:48:07.285,0:02:46.680000,100.0,79.82684628614963,80.0,1.9674031682533464,-0.0005505456282029124,0.0,ROBOT_CONTROL
15:48:08.301,0:02:45.840000,100.0,79.53010105289626,66.20689655172414,1.984586333682206,0.00047965129515039554,0.0,ROBOT_CONTROL
15:48:09.457,0:02:44.920000,100.0,79.41882811793516,68.57142857142857,2.004203750937099,0.0016015807560503766,0.0,ROBOT_CONTROL
15:48:10.519,0:02:44.020000,100.0,79.29892579803284,64.0,2.026681361089406,0.0018623851326768383,0.0,ROBOT_CONTROL
15:48:11.660,0:02:43.010000,100.0,79.0622957614028,64.0,2.0510988843586113,0.0008530252519430749,0.0,ROBOT_CONTROL
15:48:12.660,0:02:42.150000,100.0,78.99062505922362,65.08474576271186,2.0750793517909907,-0.00020219145436387216,0.0,ROBOT_CONTROL
15:48:13.660,0:02:41.280000,100.0,78.81828666315641,60.95238095238095,2.0975095636104797,-0.00023503341630512424,0.0,ROBOT_CONTROL
15:48:14.566,0:02:40.550000,100.0,78.73946334222784,67.36842105263158,2.11941961010343,-0.0005571461229739518,0.0,ROBOT_CONTROL
15:48:15.691,0:02:39.590000,100.0,78.69751885837668,68.57142857142857,2.1409904050651734,-0.0016022213357413761,0.0,ROBOT_CONTROL
15:48:16.660,0:02:38.770000,100.0,78.71893245526199,80.0,2.161913392437374,-0.0028601191529200832,0.0,ROBOT_CONTROL
15:48:17.551,0:02:38,100.0,78.72538167098617,71.11111111111111,2.1823149602173513,-0.0037479748269996028,0.0,ROBOT_CONTROL
15:48:18.504,0:02:37.200000,100.0,78.43321242704388,68.57142857142857,2.202310126671589,-0.003783683427911079,0.0,ROBOT_CONTROL
15:48:19.363,0:02:36.480000,100.0,78.33621659268955,72.45283018867924,2.222243261869603,-0.0035609704770797205,0.0,ROBOT_CONTROL
15:48:20.207,0:02:35.770000,100.0,77.93508245245052,65.08474576271186,2.2424368067038265,-0.0035540005699130624,0.0,ROBOT_CONTROL
15:48:21.051,0:02:35.050000,100.0,77.81188655859356,72.45283018867924,2.2612211987233377,-0.0019120632068608627,0.0,ROBOT_CONTROL
15:48:21.879,0:02:34.390000,100.0,77.68751228058046,68.57142857142857,2.2796248129477505,-3.592093017389633e-05,0.0,ROBOT_CONTROL
15:48:22.738,0:02:33.630000,100.0,77.68751228058046,68.57142857142857,2.2954693584792834,0.0038225709364900625,0.0,ROBOT_CONTROL
15:48:23.551,0:02:32.880000,100.0,77.64897778921578,71.11111111111111,2.311576382022812,0.005630664719710251,0.0,ROBOT_CONTROL
15:48:24.441,0:02:32.070000,100.0,77.23610412828012,69.81818181818181,2.326086319555074,0.004439091894743899,0.0,ROBOT_CONTROL
15:48:25.363,0:02:31.240000,100.0,76.88989185648644,73.84615384615384,2.336818913878379,0.002982440864652767,0.0,ROBOT_CONTROL
15:48:26.332,0:02:30.380000,100.0,76.56332530371607,67.36842105263158,2.341979503844871,0.004378874176008082,0.0,ROBOT_CONTROL
15:48:27.379,0:02:29.520000,100.0,76.45832002874309,76.8,2.346444370896464,0.004933423396927012,0.0,ROBOT_CONTROL
15:48:28.441,0:02:28.620000,100.0,76.0741930446161,71.11111111111111,2.3511136714165257,0.0013773022120819748,0.0,ROBOT_CONTROL
15:48:29.457,0:02:27.860000,100.0,75.6336107160875,80.0,2.352403994167008,-0.0012968057318647561,0.0,ROBOT_CONTROL
15:48:30.472,0:02:27.040000,100.0,75.42750995694325,68.57142857142857,2.3535476713955683,-0.004505273401562562,0.0,ROBOT_CONTROL
15:48:31.457,0:02:26.240000,100.0,74.9562565726464,73.84615384615384,2.3520747428150406,-0.004459752609525982,0.0,ROBOT_CONTROL
15:48:32.488,0:02:25.370000,100.0,74.63518633853269,73.84615384615384,2.3509123725259724,-0.0034137369504801283,0.0,ROBOT_CONTROL
15:48:33.426,0:02:24.510000,100.0,74.2337014669334,67.36842105263158,2.3493855093583345,-0.0006366246893782543,0.0,ROBOT_CONTROL
15:48:34.410,0:02:23.620000,100.0,74.0911283675182,76.8,2.3481353074903177,0.0029060922298891297,0.0,ROBOT_CONTROL
15:48:35.519,0:02:22.610000,100.0,74.08932170774736,72.45283018867924,2.3467724821021805,0.006623682055140944,0.0,ROBOT_CONTROL
15:48:36.613,0:02:21.710000,100.0,74.03743032360104,81.70212765957447,2.3459983885910467,0.0083865679106855,0.0,ROBOT_CONTROL
15:48:37.566,0:02:20.900000,100.0,74.34433774459502,80.0,2.34684756200258,0.003042667983416812,0.0,ROBOT_CONTROL
15:48:38.519,0:02:20.080000,100.0,74.50321717933653,69.81818181818181,2.3406395883404687,-0.0005515221753096399,0.0,ROBOT_CONTROL
15:48:39.472,0:02:19.330000,100.0,74.72450700062636,68.57142857142857,2.331340531665469,-0.002393289495373063,0.0,ROBOT_CONTROL
15:48:40.410,0:02:18.560000,100.0,74.88923363201964,71.11111111111111,2.3195183592649555,-0.0011841218882225263,0.0,ROBOT_CONTROL
15:48:41.285,0:02:17.780000,100.0,75.11019404451615,72.45283018867924,2.3101316502281843,-0.0004321377700951001,0.0,ROBOT_CONTROL
15:48:42.160,0:02:17.070000,100.0,75.43754263665528,68.57142857142857,2.301117063703382,0.0014727027670948859,0.0,ROBOT_CONTROL
15:48:43.176,0:02:16.290000,100.0,75.52181898408952,69.81818181818181,2.2940880710222227,0.0022556734086641283,0.0,ROBOT_CONTROL
15:48:44.176,0:02:15.490000,100.0,75.58306806639123,71.11111111111111,2.288185407074862,0.0012470020704847089,0.0,ROBOT_CONTROL
15:48:45.269,0:02:14.620000,100.0,75.45696577362227,68.57142857142857,2.2809950239955183,0.0013655706940773847,0.0,ROBOT_CONTROL
15:48:46.316,0:02:13.820000,100.0,75.43901577880953,76.8,2.2741758164699086,0.0006704877954901459,0.0,ROBOT_CONTROL
15:48:47.316,0:02:13.070000,100.0,75.5588746853351,67.36842105263158,2.2672900801865534,-6.723225325895495e-05,0.0,ROBOT_CONTROL
15:48:48.394,0:02:12.270000,100.0,75.67137291203393,80.0,2.2610971539065807,-0.0007962503124961541,0.0,ROBOT_CONTROL
15:48:49.472,0:02:11.510000,100.0,75.8097141110403,69.81818181818181,2.256043261033181,-0.0013653041236834531,0.0,ROBOT_CONTROL
15:48:50.441,0:02:10.650000,100.0,75.91716534225233,72.45283018867924,2.25263346627576,-0.002675948621269075,0.0,ROBOT_CONTROL
15:48:51.410,0:02:09.820000,100.0,75.97420171375411,71.11111111111111,2.248795610345208,-0.0012832457952451854,0.0,ROBOT_CONTROL
15:48:52.379,0:02:09.020000,100.0,76.12566970835935,75.29411764705883,2.24704162863537,-0.0006681883322284626,0.0,ROBOT_CONTROL
15:48:53.363,0:02:08.280000,100.0,76.2762598589495,73.84615384615384,2.2463966666409987,-5.419873998529424e-05,0.0,ROBOT_CONTROL
15:48:54.301,0:02:07.570000,100.0,76.38987463923095,73.84615384615384,2.2469408596964437,0.0006063175307413587,0.0,ROBOT_CONTROL
15:48:55.207,0:02:06.860000,100.0,76.49185370591589,73.84615384615384,2.2502067004499935,0.00032605270784298064,0.0,ROBOT_CONTROL
15:48:56.160,0:02:06.010000,100.0,76.67801654892085,76.8,2.253996110143885,0.0018023612124423247,0.0,ROBOT_CONTROL
15:48:57.035,0:02:05.300000,100.0,76.78382322246748,80.0,2.2611993058389745,0.0017524164850281061,0.0,ROBOT_CONTROL
15:48:57.941,0:02:04.540000,100.0,76.8134528520971,71.11111111111111,2.26984780910059,0.0008711026166914428,0.0,ROBOT_CONTROL
15:48:58.879,0:02:03.820000,100.0,76.78724977827495,78.36734693877551,2.2782186976847725,-0.0005910772790892712,0.0,ROBOT_CONTROL
15:48:59.847,0:02:03.030000,100.0,76.91793535747118,81.70212765957447,2.2854322333770187,-0.0016423467270644274,0.0,ROBOT_CONTROL
15:49:00.707,0:02:02.330000,100.0,77.06811850765433,73.84615384615384,2.2909893312570215,-0.0016340799091825045,0.0,ROBOT_CONTROL
15:49:01.613,0:02:01.590000,100.0,77.14449603084036,81.70212765957447,2.2960279434983426,-0.001613766371815952,0.0,ROBOT_CONTROL
15:49:02.504,0:02:00.880000,100.0,77.42362505908474,76.8,2.2999403012549053,-0.0010523526036366573,0.0,ROBOT_CONTROL
15:49:03.457,0:02:00.110000,100.0,77.75360556590735,85.33333333333333,2.30415194074719,-0.0011063684202141692,0.0,ROBOT_CONTROL
15:49:04.347,0:01:59.430000,100.0,78.27110062569945,76.8,2.3078300609379325,-0.0010840335036980918,1.0,ROBOT_CONTROL
15:49:05.222,0:01:58.700000,100.0,78.2385475654013,75.29411764705883,2.311044114437558,-0.000688512726789878,0.0,SHARED_ROBOT_CONTROL
15:49:06.160,0:01:57.880000,100.0,78.11179189859558,80.0,2.314336241059892,-0.0005095316763139334,0.0,ROBOT_CONTROL
15:49:07.082,0:01:57.060000,100.0,78.28979837848885,72.45283018867924,2.317374941051062,-0.0005393198292144833,1.0,ROBOT_CONTROL
15:49:08.066,0:01:56.330000,100.0,78.25820607142487,72.45283018867924,2.319343466950904,-0.0003733843973039589,1.0,SHARED_ROBOT_CONTROL
15:49:09.113,0:01:55.430000,100.0,78.44627263278035,72.45283018867924,2.32077716042533,-0.00028735720877826797,1.0,SHARED_ROBOT_CONTROL
15:49:09.972,0:01:54.750000,100.0,78.51067980725041,80.0,2.3223204378919564,-0.0011042489489276237,1.0,SHARED_ROBOT_CONTROL
15:49:10.879,0:01:54.050000,100.0,78.7418867554385,72.45283018867924,2.3234283762459245,-0.001531474244551943,1.0,SHARED_ROBOT_CONTROL
15:49:11.769,0:01:53.290000,100.0,78.83132561846227,68.57142857142857,2.3247948312152817,-0.0016429218287151073,1.0,SHARED_ROBOT_CONTROL
15:49:12.816,0:01:52.430000,100.0,78.79736698450364,71.11111111111111,2.326548802565553,-0.0008020815142107088,1.0,SHARED_ROBOT_CONTROL
15:49:13.801,0:01:51.600000,100.0,78.91051309764974,73.84615384615384,2.329756641600237,-0.000593169813468497,1.0,SHARED_ROBOT_CONTROL
15:49:14.769,0:01:50.790000,100.0,78.82950951866616,72.45283018867924,2.332196568211362,0.0009783438310199356,1.0,SHARED_ROBOT_CONTROL
15:49:15.769,0:01:50,100.0,78.9191065370682,71.11111111111111,2.335979268487467,0.0006606986777852369,1.0,SHARED_ROBOT_CONTROL
15:49:16.676,0:01:49.230000,100.0,78.87122227615136,78.36734693877551,2.338209344269613,0.0003326471261913581,1.0,SHARED_ROBOT_CONTROL
15:49:17.613,0:01:48.440000,100.0,78.98771372121423,71.11111111111111,2.339579362196546,-0.0005657988277664746,1.0,SHARED_ROBOT_CONTROL
15:49:18.488,0:01:47.700000,100.0,78.97527845091733,73.84615384615384,2.338225982465315,0.0006826290902795718,1.0,SHARED_ROBOT_CONTROL
15:49:19.316,0:01:47.020000,100.0,78.96049650683588,66.20689655172414,2.3366894010579413,0.0021203489830486266,1.0,SHARED_ROBOT_CONTROL
15:49:20.191,0:01:46.340000,100.0,78.77535184407121,69.81818181818181,2.3342531995199183,0.004543096708584411,1.0,SHARED_ROBOT_CONTROL
15:49:21.176,0:01:45.530000,100.0,78.6883277570471,73.84615384615384,2.3320350009809925,0.006611941614098437,1.0,SHARED_ROBOT_CONTROL
15:49:22.238,0:01:44.620000,100.0,78.62754902960172,71.11111111111111,2.331845187585695,0.004250676987487775,1.0,SHARED_ROBOT_CONTROL
15:49:23.238,0:01:43.800000,100.0,78.56911653979668,71.11111111111111,2.328704130690848,0.0016045103847182156,1.0,SHARED_ROBOT_CONTROL
15:49:24.238,0:01:42.920000,100.0,78.55955358895714,81.70212765957447,2.3229107099957162,0.00014355042260562058,1.0,SHARED_ROBOT_CONTROL
15:49:25.285,0:01:42.030000,100.0,78.5597027069786,73.84615384615384,2.3163944068365416,-0.0015636290728523374,1.0,SHARED_ROBOT_CONTROL
15:49:26.301,0:01:41.150000,100.0,78.37818052545641,68.57142857142857,2.309418678128176,-0.002574396664658591,1.0,SHARED_ROBOT_CONTROL
15:49:27.410,0:01:40.230000,100.0,78.27669605173283,81.70212765957447,2.3015793965228784,-0.0021126181623426746,1.0,SHARED_ROBOT_CONTROL
15:49:28.426,0:01:39.470000,100.0,78.32497586319488,83.47826086956522,2.294561390126337,-0.0016505387239416265,1.0,SHARED_ROBOT_CONTROL
15:49:29.426,0:01:38.650000,100.0,78.45849281512616,75.29411764705883,2.2881994411810904,-0.0011310548293503551,1.0,SHARED_ROBOT_CONTROL
15:49:30.410,0:01:37.780000,100.0,78.35540233292971,72.45283018867924,2.282287084892484,-0.0002891532543587363,1.0,SHARED_ROBOT_CONTROL
15:49:31.410,0:01:36.910000,100.0,78.01977005046774,62.950819672131146,2.2777462498464898,-0.00042840855617690767,0.0,SHARED_ROBOT_CONTROL
15:49:32.441,0:01:36.070000,100.0,77.43873787074702,76.8,2.2738973187107994,-0.001430287287550962,0.0,ROBOT_CONTROL
15:49:33.410,0:01:35.230000,100.0,76.82626142217302,68.57142857142857,2.2690383285610216,-0.0014121108089875883,0.0,ROBOT_CONTROL
15:49:34.347,0:01:34.420000,100.0,76.60299759812489,71.11111111111111,2.2649674972684934,-0.0013118420307230091,0.0,ROBOT_CONTROL
15:49:35.316,0:01:33.620000,100.0,76.38671054458293,69.81818181818181,2.261599792444689,-0.000994263463054673,0.0,ROBOT_CONTROL
15:49:36.238,0:01:32.770000,100.0,76.38367829680674,78.36734693877551,2.258716120549931,-0.00041067655865635675,0.0,ROBOT_CONTROL
15:49:37.160,0:01:32,100.0,76.39491177132862,76.8,2.255944101226977,0.0007468607137621284,0.0,ROBOT_CONTROL
15:49:38.097,0:01:31.170000,100.0,76.44463430185027,72.45283018867924,2.2538345643469504,0.0016505797819954852,0.0,ROBOT_CONTROL
15:49:39.035,0:01:30.360000,100.0,76.41842885111652,72.45283018867924,2.251781516893945,0.002361641056760051,0.0,ROBOT_CONTROL
15:49:39.910,0:01:29.610000,100.0,76.36957277600942,83.47826086956522,2.2498688957783504,0.0017790833785134691,0.0,ROBOT_CONTROL
15:49:40.847,0:01:28.800000,100.0,76.5321572519655,71.11111111111111,2.247080270906348,0.000454763103604739,0.0,ROBOT_CONTROL
15:49:41.863,0:01:27.950000,100.0,76.65493570807729,73.84615384615384,2.243664733276409,-0.0008935857806308243,0.0,ROBOT_CONTROL
15:49:42.832,0:01:27.140000,100.0,76.48602586100654,66.20689655172414,2.238983106753639,-0.0008664458622649068,0.0,ROBOT_CONTROL
15:49:43.769,0:01:26.370000,100.0,76.30106242644545,67.36842105263158,2.2348649230913793,-0.0004261238229023838,0.0,ROBOT_CONTROL
15:49:44.754,0:01:25.550000,100.0,76.15519356382649,66.20689655172414,2.2313517905105344,0.00015298218158726895,0.0,ROBOT_CONTROL
15:49:45.785,0:01:24.680000,100.0,75.98934056381913,73.84615384615384,2.228940330860491,0.00020202826196517434,0.0,ROBOT_CONTROL
15:49:46.926,0:01:23.660000,100.0,75.82137486201884,67.36842105263158,2.226683206213232,0.0006026246728844168,0.0,ROBOT_CONTROL
15:49:48.113,0:01:22.600000,100.0,75.66432982778082,67.36842105263158,2.2250182529083555,0.0008726491907554037,0.0,ROBOT_CONTROL
15:49:49.207,0:01:21.630000,100.0,75.7450357794807,69.81818181818181,2.2238169946551984,0.0006994711666535525,0.0,ROBOT_CONTROL
15:49:50.316,0:01:20.620000,100.0,75.80295487188255,68.57142857142857,2.2225530876216193,0.00028747848667745927,0.0,ROBOT_CONTROL
15:49:51.488,0:01:19.540000,100.0,75.69706076598844,68.57142857142857,2.220981717961592,-1.714293183805464e-05,0.0,ROBOT_CONTROL
15:49:52.629,0:01:18.530000,100.0,75.62732335142344,66.20689655172414,2.2197532589446123,-0.0007681241007125203,0.0,ROBOT_CONTROL
15:49:53.738,0:01:17.520000,100.0,75.49397691922644,73.84615384615384,2.2177426384206482,-0.000910336179089624,0.0,ROBOT_CONTROL
15:49:54.801,0:01:16.640000,100.0,75.40454651773929,71.11111111111111,2.2156600737042615,-0.0009266737262538586,0.0,ROBOT_CONTROL
15:49:55.785,0:01:15.770000,100.0,75.44884184416227,76.8,2.2141345448188163,-0.00153242798622118,0.0,ROBOT_CONTROL
15:49:56.644,0:01:15.050000,100.0,75.68490673165574,78.36734693877551,2.2119271520242827,-0.0010785957206420453,0.0,ROBOT_CONTROL
15:49:57.472,0:01:14.400000,100.0,75.80350566058901,69.81818181818181,2.2100512869977478,-0.00016429550846918138,0.0,ROBOT_CONTROL
15:49:58.301,0:01:13.650000,100.0,75.35489038764929,67.36842105263158,2.208341582406441,0.0006079938167122599,0.0,ROBOT_CONTROL
15:49:59.160,0:01:12.940000,100.0,75.04363972414971,78.36734693877551,2.2076769466854445,0.00018253538092498586,0.0,ROBOT_CONTROL
15:50:00.144,0:01:12.160000,100.0,75.11221558216587,60.95238095238095,2.2064266069851852,2.9292977113178383e-05,0.0,ROBOT_CONTROL
15:50:01.160,0:01:11.280000,100.0,74.84881513447638,61.935483870967744,2.204615570729863,0.000694882228165045,0.0,ROBOT_CONTROL
15:50:02.176,0:01:10.460000,100.0,74.9156298709474,76.8,2.203459239922971,0.0007251345182337788,0.0,ROBOT_CONTROL
15:50:03.222,0:01:09.600000,100.0,74.75694349984722,66.20689655172414,2.203018184526887,-0.00033379742196322336,0.0,ROBOT_CONTROL
15:50:04.316,0:01:08.760000,100.0,74.9637792354186,71.11111111111111,2.201205520488659,-0.00046592294047096826,0.0,ROBOT_CONTROL
15:50:05.394,0:01:07.960000,100.0,75.02770049933987,73.84615384615384,2.199267841509945,-0.00048700130216776106,0.0,ROBOT_CONTROL
15:50:06.457,0:01:07.070000,100.0,74.89849601110573,72.45283018867924,2.197514536616688,-0.0007091904345927027,0.0,ROBOT_CONTROL
15:50:07.582,0:01:06.260000,100.0,74.9661871882055,75.29411764705883,2.1952351218938273,-0.00046368280566117865,0.0,ROBOT_CONTROL
15:50:08.738,0:01:05.260000,100.0,74.63723468332587,66.20689655172414,2.1928017893756357,-0.00025229534249976844,0.0,ROBOT_CONTROL
15:50:09.847,0:01:04.350000,100.0,74.44678240863567,67.36842105263158,2.1903759287965006,0.00015941884886173143,0.0,ROBOT_CONTROL
15:50:10.941,0:01:03.370000,100.0,74.11651457333782,67.36842105263158,2.18773053946946,0.0010179622634750626,0.0,ROBOT_CONTROL
15:50:12.035,0:01:02.370000,100.0,73.93975904646788,73.84615384615384,2.186118594794472,0.0007296864153021178,0.0,ROBOT_CONTROL
15:50:13.097,0:01:01.540000,100.0,73.88087965425515,67.36842105263158,2.1839313801312636,0.0005993220604552122,0.0,ROBOT_CONTROL
15:50:14.113,0:01:00.640000,100.0,74.03697045857912,75.29411764705883,2.1816606081290146,0.0006412409729517884,0.0,ROBOT_CONTROL
15:50:15.097,0:00:59.940000,100.0,74.22707537885881,72.45283018867924,2.1793088362838566,0.000912019490325559,0.0,ROBOT_CONTROL
15:50:16.019,0:00:59.170000,100.0,74.40779166752019,76.8,2.176952127770942,0.0007552300442528035,0.0,ROBOT_CONTROL
15:50:16.941,0:00:58.420000,100.0,74.67707548714883,73.84615384615384,2.1739268187208154,9.791076383150913e-05,0.0,ROBOT_CONTROL
15:50:17.816,0:00:57.670000,100.0,74.84783204888284,78.36734693877551,2.169558612140856,7.233024873677462e-05,0.0,ROBOT_CONTROL
15:50:18.691,0:00:56.970000,100.0,75.1739133585997,75.29411764705883,2.16520491015805,-0.00033635953532473967,0.0,ROBOT_CONTROL
15:50:19.566,0:00:56.300000,100.0,75.1223727423532,68.57142857142857,2.1605939090562223,-0.0001621748382843496,0.0,ROBOT_CONTROL
15:50:20.519,0:00:55.520000,100.0,75.11890953889,69.81818181818181,2.1570044988427393,-0.0005083217270657831,0.0,ROBOT_CONTROL
15:50:21.488,0:00:54.760000,100.0,75.24438406436452,73.84615384615384,2.153349088159702,-0.0004706502814083846,0.0,ROBOT_CONTROL
15:50:22.535,0:00:53.890000,100.0,75.19946160988368,67.36842105263158,2.1504924595586754,-0.00028202661585710777,0.0,ROBOT_CONTROL
15:50:23.504,0:00:53.040000,100.0,75.38048325364788,72.45283018867924,2.149027230958431,-0.00046658341629717025,0.0,ROBOT_CONTROL
15:50:24.629,0:00:52.120000,100.0,75.42269866693248,73.84615384615384,2.1482800571603673,-0.0003456630949426931,0.0,ROBOT_CONTROL
15:50:25.754,0:00:51.230000,100.0,75.31272380519292,75.29411764705883,2.148007928250606,3.641441132716759e-06,0.0,ROBOT_CONTROL
15:50:26.832,0:00:50.310000,100.0,75.28574768141006,78.36734693877551,2.1481301582249777,-0.0001341585462823245,0.0,ROBOT_CONTROL
15:50:27.926,0:00:49.370000,100.0,75.28155691419408,75.29411764705883,2.148007342598254,-0.00014337671738194914,0.0,ROBOT_CONTROL
15:50:28.863,0:00:48.570000,100.0,75.41149747878622,72.45283018867924,2.146912150556075,0.0003356036329629608,0.0,ROBOT_CONTROL
15:50:29.832,0:00:47.740000,100.0,75.54278706843868,72.45283018867924,2.1456077759332697,0.00037321170648614907,0.0,ROBOT_CONTROL
15:50:30.926,0:00:46.920000,100.0,75.43302916070006,65.08474576271186,2.1442156970925126,0.00012811586740444326,0.0,ROBOT_CONTROL
15:50:32.035,0:00:46.040000,100.0,75.71582780351544,75.29411764705883,2.1413770826772343,6.993064805599049e-05,0.0,ROBOT_CONTROL
15:50:33.051,0:00:45.200000,100.0,75.76534687699576,66.20689655172414,2.1380744373174165,-4.7803354651826545e-05,0.0,ROBOT_CONTROL
15:50:34.129,0:00:44.290000,100.0,75.80389159324162,73.84615384615384,2.134420754649378,-0.00013889679201727808,0.0,ROBOT_CONTROL
15:50:35.207,0:00:43.350000,100.0,75.67737060465167,68.57142857142857,2.130752825296654,-0.0004784080740905571,0.0,ROBOT_CONTROL
15:50:36.269,0:00:42.390000,100.0,75.68267757074295,75.29411764705883,2.1266803876061773,-0.0002973288589256039,0.0,ROBOT_CONTROL
15:50:37.207,0:00:41.640000,100.0,75.76287336459025,75.29411764705883,2.1231999724342363,-0.00045712832227236174,0.0,ROBOT_CONTROL
15:50:38.082,0:00:40.810000,100.0,75.70170675958346,72.45283018867924,2.1191550527762097,0.0006468897586827184,0.0,ROBOT_CONTROL
15:50:39.019,0:00:39.980000,100.0,75.87181244131735,75.29411764705883,2.116682260989058,0.00032666757239899327,0.0,ROBOT_CONTROL
15:50:39.957,0:00:39.120000,100.0,76.15295217628434,73.84615384615384,2.113817163740018,0.0001607986717799901,0.0,ROBOT_CONTROL
15:50:40.972,0:00:38.280000,100.0,76.32389234722451,67.36842105263158,2.1110671532931784,0.00016675635023645496,0.0,ROBOT_CONTROL
15:50:42.019,0:00:37.320000,100.0,76.23126294933196,69.81818181818181,2.108598069609931,-0.00037555511774541245,0.0,ROBOT_CONTROL
15:50:43.035,0:00:36.420000,100.0,76.11977137577142,66.20689655172414,2.1062182662673923,-0.0009897046137422286,0.0,ROBOT_CONTROL
15:50:44.113,0:00:35.460000,100.0,76.0112330189999,69.81818181818181,2.103887857769504,-0.0015060733050838136,0.0,ROBOT_CONTROL
15:50:45.113,0:00:34.610000,100.0,75.97923832470018,67.36842105263158,2.1015008055885147,-0.0012537803962249033,0.0,ROBOT_CONTROL
15:50:46.097,0:00:33.820000,100.0,75.69864053392695,71.11111111111111,2.1002358668947196,-0.0008774507289311487,0.0,ROBOT_CONTROL
15:50:47.113,0:00:32.920000,100.0,75.6227430980295,76.8,2.0980699022725653,0.0009896081413617588,0.0,ROBOT_CONTROL
15:50:48.129,0:00:32.030000,100.0,75.53594115217993,71.11111111111111,2.0972567940649696,0.0018026112012643764,0.0,ROBOT_CONTROL
15:50:49.129,0:00:31.190000,100.0,75.36909090404434,72.45283018867924,2.0966982791193467,0.0017579446013063296,0.0,ROBOT_CONTROL
15:50:50.082,0:00:30.360000,100.0,75.2882126751084,68.57142857142857,2.0952871479333144,0.0011748993544334894,0.0,ROBOT_CONTROL
15:50:51.019,0:00:29.560000,100.0,75.29307447997022,73.84615384615384,2.092574105323973,0.0019360887671372698,0.0,ROBOT_CONTROL
15:50:51.957,0:00:28.730000,100.0,75.34342413031986,73.84615384615384,2.090777066068969,0.0018974548552381139,0.0,ROBOT_CONTROL
15:50:52.847,0:00:27.980000,100.0,75.48277535739038,71.11111111111111,2.088753581441625,0.0014277086509381922,0.0,ROBOT_CONTROL
15:50:53.722,0:00:27.280000,100.0,75.43813908219548,76.8,2.087566931151976,-9.388505081383497e-06,0.0,ROBOT_CONTROL
15:50:54.566,0:00:26.580000,100.0,75.46769091401146,69.81818181818181,2.085707495044644,-0.0018609580684306158,0.0,ROBOT_CONTROL
15:50:55.441,0:00:25.860000,100.0,75.26271628080153,69.81818181818181,2.0821269089534886,-0.0012134858400180372,0.0,ROBOT_CONTROL
15:50:56.285,0:00:25.090000,100.0,75.04390390736731,69.81818181818181,2.0799377105289043,-0.0011112709315950786,0.0,ROBOT_CONTROL
15:50:57.191,0:00:24.300000,100.0,74.76389020909804,66.20689655172414,2.0782235073730484,-0.0010298581562249386,0.0,ROBOT_CONTROL
15:50:58.082,0:00:23.530000,100.0,74.62941212812372,72.45283018867924,2.076880215203934,-0.0008925087739639811,0.0,ROBOT_CONTROL
15:50:59.113,0:00:22.640000,100.0,74.57818285425293,69.81818181818181,2.075741272033258,-0.0006177745351194809,0.0,ROBOT_CONTROL
15:51:00.113,0:00:21.770000,100.0,74.58316718875439,72.45283018867924,2.0753528036974442,-0.000745407092406511,0.0,ROBOT_CONTROL
15:51:01.097,0:00:20.860000,100.0,74.72627632289043,75.29411764705883,2.07479265634566,-0.0004104869737935713,0.0,ROBOT_CONTROL
15:51:02.113,0:00:20.010000,100.0,74.8800773358135,72.45283018867924,2.0741105870181666,0.0001921650431871432,0.0,ROBOT_CONTROL
15:51:03.113,0:00:19.160000,100.0,74.99606980898254,75.29411764705883,2.0740847091608576,1.2027095972352004e-05,0.0,ROBOT_CONTROL
15:51:04.207,0:00:18.220000,100.0,75.02430190491718,72.45283018867924,2.0731068114236337,0.00038836211040005835,0.0,ROBOT_CONTROL
15:51:05.301,0:00:17.300000,100.0,75.04014104173302,68.57142857142857,2.0725640633248372,-0.00027057579821740044,0.0,ROBOT_CONTROL
15:51:06.363,0:00:16.350000,100.0,74.80184923378177,67.36842105263158,2.0707828919390447,-0.00013629610805716155,0.0,ROBOT_CONTROL
15:51:07.316,0:00:15.550000,100.0,74.67958814059168,71.11111111111111,2.06877154807206,0.00030883188507728525,0.0,ROBOT_CONTROL
15:51:08.301,0:00:14.740000,100.0,74.67295627750403,71.11111111111111,2.0671752460977326,0.0006038626367561329,0.0,ROBOT_CONTROL
15:51:09.379,0:00:13.790000,100.0,74.53545593160032,78.36734693877551,2.0658933387374137,-9.036337427603124e-05,0.0,ROBOT_CONTROL
15:51:10.426,0:00:12.840000,100.0,74.71264322217108,76.8,2.06363755023252,0.0006275674048934019,0.0,ROBOT_CONTROL
15:51:11.519,0:00:11.970000,100.0,74.95679370533084,75.29411764705883,2.0627773308273736,4.3517615146482536e-05,0.0,ROBOT_CONTROL
15:51:12.613,0:00:11,100.0,75.3228741971873,72.45283018867924,2.0607614357431885,0.0006374322677802148,0.0,ROBOT_CONTROL
15:51:13.629,0:00:10.120000,100.0,75.37938727855398,66.20689655172414,2.0601108685796174,-0.0003761069834553409,0.0,ROBOT_CONTROL
15:51:14.676,0:00:09.160000,100.0,75.25551334573349,71.11111111111111,2.0589735960684883,-0.0011807573837691505,0.0,ROBOT_CONTROL
15:51:15.660,0:00:08.360000,100.0,75.29533512239736,68.57142857142857,2.057040072536022,-0.0006026941408652016,0.0,ROBOT_CONTROL
15:51:16.582,0:00:07.610000,100.0,75.22744653299934,72.45283018867924,2.056755817221363,-0.0003080346672461379,0.0,ROBOT_CONTROL
15:51:17.519,0:00:06.880000,100.0,75.20501000842447,72.45283018867924,2.0558928440957294,0.0008180469950742826,0.0,ROBOT_CONTROL
15:51:18.441,0:00:06.120000,100.0,75.2152592513781,72.45283018867924,2.0555586735350655,0.0017727381612376199,0.0,ROBOT_CONTROL
15:51:19.379,0:00:05.310000,100.0,75.32498725921931,76.8,2.056132092122222,0.0014922182566636097,0.0,ROBOT_CONTROL
15:51:20.394,0:00:04.480000,100.0,75.49066898490105,71.11111111111111,2.0557553403241187,0.0006726135695216015,0.0,ROBOT_CONTROL
15:51:21.379,0:00:03.680000,100.0,75.51801941225148,76.8,2.0541115043399283,-0.00022427988476337096,0.0,ROBOT_CONTROL
15:51:22.457,0:00:02.770000,100.0,75.57256832013371,73.84615384615384,2.0511092855475335,-0.0004132351311781352,0.0,ROBOT_CONTROL
15:51:23.566,0:00:01.830000,100.0,75.62164714254587,76.8,2.0476064422879934,-0.0002907120592585628,0.0,ROBOT_CONTROL
15:51:24.722,0:00:00.830000,100.0,75.71861683951556,76.8,2.04369649312734,3.680600387850634e-05,0.0,ROBOT_CONTROL
15:51:25.910,"-1 day, 23:59:59.990000",100.0,75.95134411224284,76.8,2.0401115972010415,-0.00023272207474243448,0.0,ROBOT_CONTROL
15:51:26.988,"-1 day, 23:59:59.990000",100.0,76.12663548753422,73.84615384615384,2.0358550168517517,-0.0002056073528965391,0.0,ROBOT_CONTROL
15:51:28.191,"-1 day, 23:59:59.990000",100.0,76.2722068048625,78.36734693877551,2.0312994915528457,0.00032179900385680013,0.0,ROBOT_CONTROL
15:51:29.316,"-1 day, 23:59:59.990000",100.0,76.47123397591311,72.45283018867924,2.0280126034758985,-0.00016722277602923614,0.0,ROBOT_CONTROL
15:51:30.379,"-1 day, 23:59:59.990000",100.0,76.74084944006891,81.70212765957447,2.0252658293972683,-0.00037254812849642677,0.0,ROBOT_CONTROL
15:51:31.379,"-1 day, 23:59:59.990000",100.0,77.06562590808103,81.70212765957447,2.0236958931844193,-0.0008919395728349161,0.0,ROBOT_CONTROL
15:51:32.426,"-1 day, 23:59:59.990000",100.0,77.32045298894064,81.70212765957447,2.022463500983337,-0.0009209250642083959,0.0,ROBOT_CONTROL
15:51:33.347,"-1 day, 23:59:59.990000",100.0,77.56956941592092,81.70212765957447,2.022552114786976,-0.00110298501288994,0.0,ROBOT_CONTROL
15:51:34.222,"-1 day, 23:59:59.990000",100.0,77.82855142435388,81.70212765957447,2.023774162007756,-0.0008688477272359773,0.0,ROBOT_CONTROL
15:51:35.160,"-1 day, 23:59:59.990000",100.0,78.11713017714499,81.70212765957447,2.025844730537935,-0.000329656473266102,0.0,ROBOT_CONTROL
15:51:36.097,"-1 day, 23:59:59.990000",100.0,78.22603029773424,75.29411764705883,2.028600142294312,0.0005740111824794108,0.0,ROBOT_CONTROL
15:51:37.066,"-1 day, 23:59:59.990000",100.0,78.4643221056855,75.29411764705883,2.0326930579832876,0.00025970501479072685,0.0,ROBOT_CONTROL
